Model,Train_Accuracy,Test_Accuracy,Train_Loss,Test_Loss,Overfitting_Gap,Underfitting_Check,Final_Assessment
Random Forest,0.9976525821596244,0.994535519125683,0.09074970580582929,0.11536029421105429,0.0031170630339413252,No Underfitting,Well-Generalized
Gradient Boosting,0.9988262910798122,0.9972677595628415,0.0016274872469245701,0.02647090768902879,0.0015585315169707181,No Underfitting,Well-Generalized
