{
  "random_forest_roc_auc_test": 0.9259115927072583,
  "random_forest_roc_auc_train": 0.9755028983838151,
  "random_forest_accuracy_test": 0.8327868852459016,
  "random_forest_f1_test": 0.825938566552901,
  "random_forest_cv_mean": 0.917321723254879,
  "random_forest_cv_std": 0.05148949578025256,
  "random_forest_overfitting_gap": 0.049591305676556785,
  "xgboost_roc_auc_test": 0.9370055039559684,
  "xgboost_roc_auc_train": 0.9978214134899612,
  "xgboost_accuracy_test": 0.8622950819672132,
  "xgboost_f1_test": 0.8571428571428571,
  "xgboost_cv_mean": 0.9157101419017815,
  "xgboost_cv_std": 0.032113961251387546,
  "xgboost_overfitting_gap": 0.06081590953399285,
  "n_features": 47,
  "n_train": 913,
  "n_test": 305,
  "removed_variables": [
    "TO_OMC_Duration"
  ]
}