{
  "random_forest_roc_auc_test": 0.8722222222222222,
  "random_forest_roc_auc_train": 0.9793427230046948,
  "random_forest_accuracy_test": 0.8461538461538461,
  "random_forest_f1_test": 0.7692307692307693,
  "random_forest_cv_mean": 0.9271929824561405,
  "random_forest_cv_std": 0.04728712972611773,
  "random_forest_overfitting_gap": 0.1071205007824726,
  "xgboost_roc_auc_test": 0.8277777777777777,
  "xgboost_roc_auc_train": 0.9400625978090766,
  "xgboost_accuracy_test": 0.8205128205128205,
  "xgboost_f1_test": 0.6956521739130435,
  "xgboost_cv_mean": 0.8982456140350878,
  "xgboost_cv_std": 0.04493420517496735,
  "xgboost_overfitting_gap": 0.11228482003129892,
  "n_features": 47,
  "n_train": 116,
  "n_test": 39,
  "removed_variables": [
    "TO_OMC_Duration"
  ]
}