TO_Lead_ID,TO_Phone,TO_User_M,TO_Event_O,TO_Status,TO_Campaing_ID,TO_length_in_sec,TO_Recording_Link,TO_Transcription_VICI(0-32000) Words,TO_Transcription_VICI(32001-64000) Words,TO_Transcription_VICI(64000+ Words),TO_OMC_User,TO_OMC_Call_Date_O,TO_OMC_Campaign_ID,TO_OMC_Recording_Link,TO_OMC_Disposiion,TO_OMC_User_Group,TO_OMC_Duration,TO_OMC_Transcription_VICI,TO_OMC_Transcription_VICI(32000-64000)Words,TO_OMC_Transcription_VICI(64000+ Words),LQ_User,LQ_Customer_Name,LQ_Company_Name,LQ_Company_Address,LQ_Service,Calls Count,Connection Made Calls,Dial Attempt Calls,lead_id,row_number,customer_name,service,customer_address,timezone,season_status,season_month,lgs_sentiment_style,lgs_agent_gender,is_decision_maker,ready_for_customers,forbidden_industry,ready_to_transfer,lgs_call_not_transferred,customer_sentiment_lgs,customer_language,customer_knows_marketing,customer_availability,who_said_hello_first_lgs,customer_marketing_experience,technical_quality_score,technical_quality_issues,lgs_extraction_success,lgs_error_message,customer_talk_percentage,agent_talk_percentage,talk_ratio_classification,total_discovery_questions,goal1_questions,goal2_questions,goal3_questions,discovery_quality,advanced_discovery_used,total_buying_signals,total_resistance_signals,signal_ratio,customer_sentiment_omc,omc_agent_sentiment_style,omc_who_said_hello_first,time_to_reason_seconds,business_type_mentioned,location_mentioned,within_45_seconds,call_structure_framed,call_structure_clarity,total_objections,objections_acknowledged,objections_rebutted,acknowledgement_rate,price_mentions_final_2min,timeline_mentions_final_2min,contract_mentions_final_2min,price_timeline_contract_before_dropoff,roi_calculation_presented,average_monologue_length,longest_monologue_length,extended_monologues_count,short_monologues,medium_monologues,long_monologues,very_long_monologues,total_interruptions,interruption_rate,interruption_pattern,conversation_balance,script_adherence,stages_skipped,stages_out_of_order,premature_closing_attempt,name_used_first_minute,name_usage_count,rapport_elements_count,tone_assessment,personal_greeting,common_ground_established,sentiment_progression,sentiment_opening,sentiment_early_middle,sentiment_late_middle,sentiment_closing,notable_sentiment_shifts,customer_frustrations,empathy_responses,empathy_response_rate,total_call_duration,disconnect_stage,hang_up_initiated_by,time_in_final_stage,commitment_type,commitment_clarity,assumptive_language_used,full_sale_closed,payment_info_collected,followup_scheduled,call_result_tag,primary_disconnect_reason,omc_extraction_success,omc_error_message,extraction_complete
10031295,2082432357,JERECHOCALOPE,12/10/2025 15:23,XFER,CP108,86,https://archive-sales.411locals.smartcarrier.io/RECORDINGS/2025-12-10/20251211-072256_CP108_JERECHOCALOPE-all.mp3,"Hello.
Hello.
Uh, this is Sierra Holling and Jack. Yes, it is.
Yes. Maybe you can help me. My name is Josh.
I'm calling uh because we're seeing some people in your local area looking for your type of service online.
My manager asked me to look for someone who can take customers. Are you the owner, right?
Yes.
Yes, sir. Um, you do free estimates for junk removal?
Yes, we do.
Okay. I'm sorry, my name is Josh. Who am I speaking with by the way?
This is Kevin.
Hi, Kevin. Um, you do how far um how how far do you travel, sir, for work?
Uh, we go all the way to Pocatello.
Okay. And how long have you been in business, if I may ask?
Three years.
Three years in business? Okay, awesome. Uh, Mr. Kevin, actually, I am from a manager who asked me to give you a call. Uh, Raphael, I've heard Kevin, the owner of Sierra Holling and Junk Removal, licensed and insured, three years in business.
All right, Mr. Kevin. All right, thank you.
Hello, can you hear me?
Yes.
Kevin?
Kevin, my name is Raphael, that's your manager.",,,Rafael Munoz,12/10/2025 15:24,AGENTDIRECT,https://archive-sales.411locals.smartcarrier.io/RECORDINGS/2025-12-10/20251210-152402_CP111_RAFAELVALDOVINOS-all.mp3,HU,UG142,43,"Kevin, actually I have from a manager who asked me to give you a call. Uh, Rafael I'm with Kevin, the owner of Sierra Hauling and Junk Removal. Licensed and insured, three years in business. All right, Mr. Kevin. All right, thank you. Hello, can you hear me? Yes. Kevin. Kevin my name is Rafael, I manager right here at 411 locals. And the purpose of this call today, we're looking for a reliable business in your area to work with. Just want to ask you a few questions that way we can see if this will be a good fit for you, all right? All right, Kevin? You have been kicked from this conference.",,,RAFAELVALDOVINOS,Kevin ,Sierra Hauling and Junk Removal,"Idaho Falls, ID, ",JUNK REMOVAL SERVICES,1,1,0,10031295,35,Kevin ,JUNK REMOVAL SERVICES,"Idaho Falls, ID, ",Mountain,Low season,December,Consultative & Validating,Male,Yes,,No,No,Yes,Not Angry/Frustrated,English,Yes,available,Agent,,3,"Start-of-Call Latency, Audio Stability, Silence/Dead Air Indicators",TRUE,,0,100,Agent-Heavy,0,0,0,0,Surface-Level,No,0,0,0:00,Resistant,Confident & Assumptive,Agent,10,Yes,No,Yes,Yes,Agent stated the purpose of asking questions to see if it's a good fit.,0,0,0,0,0,0,0,0,No,1,3,0,8,1,0,0,0,0,None,Agent-Heavy,Unstructured,Discovery; FOMO; Value Proposition; ROI Calculation; Closing,None,No,Yes,6,2,Professional,Yes,No,Declined,Skeptical,Skeptical,Skeptical,Skeptical,"Call ended abruptly before customer could engage, indicating a negative shift or initial skepticism leading to disconnect.",0,0,0,43,Introduction and Reason for Call,Customer/System,18,No Commitment Secured,None,Yes,No,No,No,Early Disconnect - Before Discovery,Technical issue,TRUE,,TRUE
16331534,2055412317,MARIAIRENECABIGON,12/26/2025 14:48,XFER,IG103,205,https://archive-sales.411locals.smartcarrier.io/RECORDINGS/2025-12-26/20251226-144846_CP105_MARIAIRENECABIGON-all.mp3,"Thank you for calling 411 locals. This is Lou. How can I help? Hey, this is Dexter with Quick Flowy plumbing just returning your phone call. Yeah, Dexter, good afternoon. Anyway, it's my manager who tried to contact you earlier because we're seeing several people looking for the plumbing services online. That's why we tried to get hold of you if you're still taking customers. Um, Dexter, if you don't mind, are you're giving free estimates or free quotes? Or you have to charge for that? Uh, I do charge to give out, well if I have to drive by there just I do charge a trip fee. Okay, within Birmingham? Yes, I'm in Birmingham. Okay. So that would be free, right? Hm? Uh, that would be free quotes or there's a charge also. Uh, I mean, I can give you a free estimate over the phone, but I can't guarantee that it'll be an accurate one. What what what do y'all want done? Okay. Yeah, actually it's my manager who tried to call you earlier, so let me transfer you to my manager, the one who tried to call you and he's in that line, so he will take the call if you don't mind. Is it a plumbing job? Is it a plumbing job? Yeah, for the plumbing services. But you do commercial, right? I do commercial, yes. Okay. So, Dexter, um let me transfer you to my manager for the details, okay? Just hold on. Okay. But you can hear me clearly, right? Yes, I can hear you. Okay. So, I'm able to transfer you now, Dexter, just hold on. Okay. Yes, Lou, I do have here Dexter, the owner of the plumbing services and giving free estimates over the phone. Okay, hi, how are you today? I'm good. How are you?",,,Ismael Marenco,12/26/2025 14:49,IG114,https://archive-sales.411locals.smartcarrier.io/RECORDINGS/2025-12-26/20251226-145154_CP111_ISMAELMALENCOCORDOVA-all.mp3,NI,UG142,139,"Yes, well, I do have here Dexter, owner of the plumbing services, and Gwendolyn the assistant over the phone.
Okay, hi, how are you today?
I'm good. How are you?
Oh, that's great to hear and also thank you for asking. I'm doing great things. Good. Well, let me tell you, my name is Ismael, a manager of my company that is 411 locals.
The reason that I asked my assistance to connect me with you is because well, I'm looking for a person with a reliable business that can be able to take on more work because there is a great increase on the demand of customers looking for this service. And what I would like to do is to see the way that we can just work together to be able to put you in front of all of these customers.
So now, um can you please tell me for how long have you been running this business on your own?
Uh, about a year or so. Like, is this a plumbing job or what, why are you calling?
Uh as my assistant told you, we are not calling you as a customer. I'm calling you because we connect people to make the service that they are looking for. As I mentioned you, we are looking for a person with a reliable business that can be able to take on customers on the way that we can put you in front of all of these customers.
Okay, I'm not interested. Thank you.
And tell me, what's the reason that you are not interested?
You have been kicked from this conference.",,,ISMAELMALENCOCORDOVA,Dexter ,,"Birmingham, AL, ",Plumbing,1,1,0,16331534,22,Dexter ,Plumbing,"Birmingham, AL, ",Central,unknown,December,Hesitant & Apologetic,Female,Yes,UNKNOWN,No,Yes,Yes,Skeptical/Cautious,English,Yes,available,Agent,Novice,5,,TRUE,,22.22,77.78,Agent-Heavy,1,1,0,0,Surface-Level,No,0,2,0:02,Resistant,Confident & Assumptive,Agent,14,Yes,No,Yes,No,Not Found in Transcript,2,0,2,0,0,0,0,0,No,2,6,1,5,1,1,0,0,0,None,Agent-Heavy,Unstructured,"IV, V, VI, VII",None,No,Yes,1,3,Professional,Yes,No,Declined,Skeptical,Not Found in Transcript,Not Found in Transcript,Negative,"Shift from polite greeting to skeptical questioning of call purpose, then to explicit disinterest.",2 frustrations,0,0,139,Discovery Phase,Customer,30,No Commitment Secured,None,No,No,No,No,Hard Decline,Not qualified/not interested,TRUE,,TRUE
16265212,2045995229,MARIAIRENECABIGON,12/8/2025 9:18,XFER,CP105,104,https://archive-sales.411locals.smartcarrier.io/RECORDINGS/2025-12-08/20251209-011828_CP105_MARIAIRENECABIGON-all.mp3,"Speaker B (00:02 - 00:02): Hello.
Speaker A (00:03 - 00:08): Hello. Good morning and good afternoon. You do for junk removal services in Quinola?
Speaker B (00:09 - 00:09): Yes.
Speaker A (00:09 - 00:25): Great. And we say this is Lou, and I'm calling you because we're seeing several people looking for this junk removal services online. And my manager asked me to look for someone who can handle the customer in Quinora. But you're giving few estimates. If you have to look at the job or you have to charge for it.
Speaker B (00:26 - 00:29): I charge by like, I go look at it and then I charge.
Speaker A (00:29 - 00:32): You charge. But you do commercial services, right?
Speaker B (00:33 - 00:34): I can. Yeah.
Speaker A (00:34 - 00:41): Okay, great. I know. Who are you speaking with? Employee just for Colton. Colton. And you own the business Colton, right?
Speaker B (00:41 - 00:41): Yes.
Speaker A (00:41 - 00:43): But you do the service also?
Speaker B (00:43 - 00:43): Yeah.
Speaker A (00:43 - 00:56): Yeah. Okay, thank you. And with Colton. I was just asking because it's my manager who asked me to look for someone. That's why I'm a manager. One specific person who asked for the service or the owner of it. So let me transfer you now. Just hold on.
Speaker B (00:56 - 00:57): Okay.
Speaker A (00:57 - 01:08): Hello, we have Patrick. I do have here Carlson, the owner of trunk removal services and doing residential and commercial service. Okay, thank you. Hi there, sir. How are you?
Speaker B (01:08 - 01:09): Good, how are you?
Speaker A (01:09 - 01:10): Well, I'm doing great, thank you.
",,,Patrick Garcia,12/8/2025 9:19,IG114,https://archive-sales.411locals.smartcarrier.io/RECORDINGS/2025-12-08/20251208-091959_CP111_MICHAELANGELORAMOS-all.mp3,NQTO,UG142,47,"Yellow. Yep, Patrick. I do have here a call from the owner of Junk Removal Services. I'm doing residential and commercial service. Okay, thank you. Hi there, sir. How are you? Good. How are you? Well, I'm doing great. Thank you for asking. Uh, this is Patrick, one of the area manager with 411 Locals. And I did ask my assistant to contact you because we are looking for reliable business in your area that we can work with. I just want to ask a few questions to see if this would be a good fit. Okay? Okay. All right. Can you tell me more, sir, about your business? Like, how long have you been running the business now?",,,MICHAELANGELORAMOS,Colton ,NWO junk removal  hauling,"Kenora, ON, ",Junk Removal,1,1,0,16265212,18,Colton ,Junk Removal,"Kenora, ON, ",unknown,Low season,December,Confident & Assumptive,Female,Yes,UNKNOWN,No,Yes,Yes,Not Angry/Frustrated,English,Yes,available,Customer,NOVICE,5,,TRUE,,25,75,Agent-Heavy,1,1,0,0,Surface-Level,Yes,0,0,0:00,Neutral,Confident & Assumptive,Agent,13,Yes,Yes,Yes,Yes,Agent stated the purpose and outlined that they would ask a few questions to determine fit.,0,0,0,0,0,0,0,0,No,3.33,7,1,2,0,1,0,0,0,None,Agent-Heavy,Structured,"IV, V, VI, VII",None,No,No,0,3,Professional,Yes,No,Stable,Neutral,N/A,N/A,N/A,None,0,0,0,47,Discovery Phase,Unknown,8,No Commitment Secured,None,No,No,No,No,Disconnect - During Discovery,Unclear,TRUE,,TRUE
16116767,2077404999,WILYNEGAJETE,12/9/2025 9:19,XFER,CP105,152,https://archive-sales.411locals.smartcarrier.io/RECORDINGS/2025-12-09/20251210-011933_CP105_WILYNEGAJETE-all.mp3,"Speaker B (00:13 - 00:13): Hello.
Speaker A (00:14 - 00:18): Hi, sir. Good morning. Are you still doing handyman services?
Speaker B (00:18 - 00:19): No.
Speaker A (00:19 - 00:22): You don't do junk removal? Calling.
Speaker B (00:23 - 00:25): It depends on the size, but.
Speaker A (00:25 - 00:27): But you do provide the service?
Speaker B (00:27 - 00:28): Yes, I do, Ally.
Speaker A (00:28 - 00:43): I see. Sir, maybe you can help me. I'm actually calming because my manager asked me to look for someone who does handyman or, I'm sorry, junk removal service. By the way, my name is Brittany, sir. You know, who am I speaking with?
Speaker B (00:43 - 00:44): My name is Pat.
Speaker A (00:44 - 00:47): Pat, you're the owner of this junk removal service?
Speaker D (00:47 - 00:48): Yeah.
Speaker A (00:48 - 00:54): Okay, I see. So, Pat, do you provide residential service only or it's also for commercial?
Speaker B (00:55 - 00:56): It depends on the size, like I said.
Speaker A (00:57 - 00:59): But you can do both, right?
Speaker D (00:59 - 01:00): Yes.
Speaker A (01:01 - 01:04): Okay. So you're still accepting your customers right now? If you don't mind.
Speaker D (01:05 - 01:05): Yes.
Speaker A (01:05 - 01:12): Okay. Sir. For the job, sir, is it only a local service or can you guys travel for the business too?
Speaker D (01:12 - 01:13): We can travel.
Speaker A (01:13 - 01:18): Okay. Let's say within 50 to 100 mile radius. Or you can go farther than that.
Speaker B (01:18 - 01:21): Probably that. The first one.
Speaker A (01:24 - 01:29): So price may vary depending on the size of the project as well, right?
Speaker D (01:29 - 01:29): Yes.
Speaker A (01:29 - 01:41): All right, that's very good. So this might be the best contact number to issue out directly. The one that I'm calling right now. 207-740-4999, correct?
Speaker D (01:41 - 01:42): Yeah.
Speaker A (01:42 - 01:53): All right. Perfect for five. Example, my manager, the one, he asked me to give you a call. His name is Benjamin. Benjamin Ina Karpat, the owner of the business doing trunk removal for both residential and commercial.
Speaker C (01:53 - 01:58): All right, thank you. Hello, Pat. Thank you very much. Good afternoon, sir. How you doing today?
Speaker B (01:58 - 02:00): Good afternoon. How you doing, man?
",,,Benjamin Franklin,12/9/2025 9:21,IG114,https://archive-sales.411locals.smartcarrier.io/RECORDINGS/2025-12-09/20251209-092142_CP111_ERNESTOALFAROCORONA-all.mp3,DISMX,UG142,56,"740-4999, correct? Yes. All right, perfect. So, Pat, I got here my manager, the one he asked me to give you a call. His name is Benjamin. Benjamin, he has her past of the owner of the business doing junk removal for both residential and commercial. All right, thank you. Hello, Pat. Uh, thanks for taking my call. Good afternoon, sir. How are you doing today? How you been? Good afternoon. How you doing, man? Good, thanks. Plastic, you know, keep taking my call, sir. I was going to ask, um, my sister to call you, Pat. I'm looking for a renoval business that wants to take on more work. We've seen a search of people online searching up more of your industry for junk removal, and that's where we're calling you today, okay? We wanted to see if this can be a good match. Okay, do you have a job? That's not for us, sir. Like, we're mentioning, we we we've seen a search of people online in your internet searching up junk removal services in your area. I wanted to see if",,,ERNESTOALFAROCORONA,Pat ,,", ME, ",,3,1,2,16116767,32,Pat ,,", ME, ",Eastern,Low season,December,Hesitant & Apologetic,Female,Yes,YES,No,NO,Yes,Mixed Emotional Signals,English,No,available,Customer,Novice,5,,TRUE,,25,75,Agent-Heavy,0,0,0,0,Surface-Level,No,0,0,0:00,Neutral,Confident & Assumptive,Agent,45,Yes,No,No,No,Agent stated the purpose of the call ('We wanted to see if this can be a good match') but did not outline the process or set time expectations.,0,0,0,0,0,0,0,0,No,6,9,2,0,1,2,0,0,0,None,Agent-Heavy,Unstructured,Discovery Phase; FOMO/Competitor Discussion; Value Proposition; ROI Calculation; Closing/Payment Gathering,None,No,Yes,3,2,Professional,Yes,No,Stable,Neutral,N/A,N/A,Neutral,None,0,0,0,56,Introduction and Reason for Call,unknown,56,No Commitment Secured,None,No,No,No,No,Early Disconnect - Before Discovery,Unclear,TRUE,,TRUE
16240277,2057214603,MARIAIRENECABIGON,12/1/2025 7:37,XFER,CP105,129,https://archive-sales.411locals.smartcarrier.io/RECORDINGS/2025-12-01/20251201-233752_CP105_MARIAIRENECABIGON-all.mp3,"Hello? Hello?
Hello, good morning. A YouTube for lawn care services or yard clean up.
Uh, yes, I do.
Yeah, for mowing, right? In Gardendale.
Uh, yes.
Yeah, maybe you can help me. My name is Lou. Good morning. And I'm calling you because I'm overseeing several people looking for the lawn care or moving services and my manager asked me to look for someone who can handle the customer in Gardendale. But you're giving free estimates if you have to look at the place or you have to charge for it?
Uh, yeah, I give free estimates.
Free estimates, great. Uh, may know who I'm speaking with, just to address you.
Uh, my name is Jeremy.
Jeremy. Oh, you own the business, Jeremy's lawn care, right?
Yes.
Okay. But you do the service, Jeremy?
Yes, I do.
Okay, great. Now, Jeremy, anyway, I just to be clear, we're not looking for work. Uh, we help to connect customers who are already searching for your kind of service. Okay? But you do commercial services, right? Aside from residential?
Yes.
Okay, that's great to hear. Now, anyway, I'm so sorry. I was just asking because it's my manager who asked me to look for someone. I wants to speak with the person who does the service or the owner of the business.
So, let me transfer you, Jeremy, okay? Just hold on.
Okay.
Okay. My manager, um, Benjamin is in the other line and he will take the call if you don't mind, okay?
Okay, what property are you on need to go?
Yeah, we're from 411 Loco. So, Bench, I do have here Jeremy, the owner of lawn care services and giving free estimates.
Okay.
Uh, thank you. Morning, Jeremy, this is Benjamin with 411 local calling you in today.
Doing good.
Glad to hear that. Hope you're having a good business.",,,Benjamin Franklin,12/1/2025 7:39,IG114,https://archive-sales.411locals.smartcarrier.io/RECORDINGS/2025-12-01/20251201-073930_CP111_ERNESTOALFAROCORONA-all.mp3,NI,UG142,70,"Hold on. Okay. Okay. My manager, um, Benjamin is in the other line and I will take the call if you don't mind, okay? Okay. Well, I'll pass you to him then. Yeah, we're from 411 locals. So, Bench, I do have here Jeremy, the owner of lawn care services and giving free estimates. Okay. All right, thank you. Morning Jeremy, this is Benjamin with 411 locals. How you doing today? Doing good. Glad to hear that. Hope you had a good weekend there, all right? Look, I was wanted to ask my sister to call you. I'm looking for a reliable business. I wanted to see how much work. Uh, we've seen a surge of people online searching for more of your industry in your area. So, we just want to ask a few questions to see if it can be a good fit. Uh, yeah, can you can you tell me what your business is first? Yeah, we specialize on watching the traffic searching on the internet, uh, connecting business owners with customers in the local specific location and areas. So basically we want to get people to call you more, Mr. Jeremy. Just want to write, you don't own lawn care, right?",,,ERNESTOALFAROCORONA,Jeremy ,Jeremys Lawn Care,-,,2,1,1,16240277,23,Jeremy ,,-,,Low season,December,Consultative & Validating,Female,Yes,,No,Yes,Yes,Happy/Optimistic,English,Yes,available,Agent,Transactional,4.4,Start-of-Call Latency,TRUE,,0,100,Agent-Heavy,1,1,0,0,Surface-Level,No,0,0,0:00,Not Found,Hesitant & Apologetic,Agent,5,No,No,No,Yes,"Agent stated, ""So, we just want to ask a few questions to see if it can be a good fit."" This is vague and lacks specific time or process outline.",0,0,0,0,0,0,0,0,No,2.8,5,0,2,3,0,0,0,0,None,Agent-Heavy,Unstructured,"IV, VI, VII",Yes (Value Proposition (V) was presented immediately after a discovery question (III) without establishing pain points or FOMO (IV)),No,Yes,3,2,Professional,Yes,No,Not Found,Not Found,Not Found,Not Found,Not Found,Not Found,0,0,0,70,Disconnect - During Pitch/Value Prop,Unknown,18,No Commitment Secured,None,No,No,No,No,Disconnect - During Pitch/Value Prop,Unclear,TRUE,,TRUE
16288911,2039810474,DEODATORUGGEROUY,12/26/2025 9:57,XFER,CP105,105,https://archive-sales.411locals.smartcarrier.io/RECORDINGS/2025-12-26/20251227-015658_CP105_DEODATORUGGEROUY-all.mp3,"Hello? Hello. Uh, you're doing Junk Removal, right? Yes. Yeah, I saw your ad here on Facebook. Uh, by the way, my name is Dave. Uh, are you more on doing like residential or commercial works? Uh, either one. Oh, okay, yeah. That's perfect to hear. And am I speaking to, uh, Mr. Juan, the owner of the service? Yes. Wonderful, Juan. Uh, nice to meet you. Yeah, I'm calling because, uh, we're seeing several people in your area looking for Junk Removal services. And my manager asked me to reach out to a few local business that can actually handle new customers. So like for, for example, even like the after the holiday, you're still open to accepting new customers, right? Yeah. Okay, okay. Wonderful to hear that. Uh, let me just list down the services here. Okay. And yeah, I just to be clear, we're not looking for work. What we do is we help connect customers who are already searching for your kind of service. So, okay, uh, let me just list down your services here. Okay. Yeah, and by the way, Juan, uh, I have my manager here who asked me to call you. Uh, Ismael, we have Juan under Junk Removal and he's doing residential and commercial works. Okay. Hi, Juan. How are you today? Good, how are you? Oh, that's great to hear. And also thank you for asking.",,,Ismael Marenco,12/26/2025 9:58,AGENTDIRECT,https://archive-sales.411locals.smartcarrier.io/RECORDINGS/2025-12-26/20251226-095824_CP111_ISMAELMALENCOCORDOVA-all.mp3,DISMX,UG142,250,"This is here. Okay. Yeah and by the way Juan I have my manager here who asked me to call you. Uh Ismail we have Juan under junk removal and he's doing residential and commercial works. Okay. Hi Juan, how are you today? Good, how are you? Oh, that's great to hear. And also thank you for asking. I'm doing great, thanks God. Well, Juan, let me introduce myself again. As my assistant said, my name is Ismail. I'm a manager
here of my company that is 411 locals. The reason that I ask my assistant to contact me with you is because, well, I'm looking for a person with a reliable business on the area that does junk removal and that is able to take on more work because there is a great increase on the demand of customers that are looking for this service. So what I would like to do, Juan, is to see the way that we can just work together to be able to put you in front of all of these customers. And then that this will be as much beneficial because you know, Juan,
that we are on a great city. And imagine if there are hundreds of customers looking for this service and you can be there for all of them, that will be as much beneficial, right? Yeah. Now, can you please tell me, Juan, on this business, for how long have you been running this business on your own? Just a few months. So like two, three, four, five, six, how much? Uh, two, three months. No, okay.
And then on that time, uh, tell me, Juan, the way that you managed to get new customers for you or the way that new prospects can be able to find you, how do you do it by the recommendations, the word of mouth, you have your business card, you have your flyers, you have a social media, a website. How do you do it on that way? Uh, my got everything. Uh can I just ask what are you calling me for? Can you just be like um straight up to what you're offering?
That's what I. Yeah, I was like I mentioned you that that I'm calling you because I'm looking for a person that does junk removal that is able to take on more work because what we want to do is to see the way that we can put you in front of all of the customers that are looking for the service that you provide. And then that in this way, you will be doing as much jobs as possible that you can be able to do and that this will be on the best benefit for the business. Therefore we would like to do. How much will you charge?
We charge $202 a month, but our service is a postpaid service. That means that you only pay for the service rendered on the month before. So if we activate your service today, your first monthly payment, it will be until January the 26th. So that means that I'm not going to ask you for your monthly payment until the next month. And then the only thing that we are about to ask you is just an activation setup fee that is for $49.99 to start creating everything for you and to bring you all of this uh for your business.
So that's the only thing that we are about to ask you for, $49.99, and then until uh January the 26th you will be paying your first monthly payment. But as I said, because it's a postpaid service, that means that you only paid for the service rendered to you on the month before so that you will be only paying for the service that we have bring to you. And then every month it will be the same. Oh, I see. And tell me, what's the reason that you are not interested?
What could be the reason? Tell me. What's the reason that is that you're not interested? Tell me, please. Uh I've never heard of you guys or anything. I don't think it'll be reliable. That's weird because we are one of the biggest companies on the country and that we have been on 18 years on business and with more than 70,000 customers. So you think that if a customer that you look for a service, they need to tell you that they don't want the service from you because they don't know you?

So you know everybody like from years when you do a job? When you go to a a job to make it because you know him by five, 10 or 10 years, sorry?",,,DEODATORUGGEROUY,JUAN ,,"Waterbury, CT, , ",JUNK REMOVAL,6,1,5,16288911,17,JUAN ,JUNK REMOVAL,"Waterbury, CT, , ",Eastern,Low season,December,Consultative & Validating,Male,Yes,Yes,No,Yes,Yes,Happy/Optimistic,English,Yes,available,Agent,,4.4,Start-of-Call Latency,TRUE,,41.2,58.8,Mutual Dialogue,2,1,1,0,Moderate Depth,No,1,2,1:02,Resistant,Confident & Assumptive,Agent,20,Yes,Yes,Yes,No,Agent stated the purpose of the call but did not outline the process or set time expectations.,2,0,2,0,4,2,0,6,No,5.1,10,3,2,5,3,0,0,0,None,Agent-Heavy,Somewhat Structured,FOMO/Competitor Discussion; Utilize ROI Calculation; Assume the Sale and Begin Gathering Information,None,No,Yes,4,2,Professional,Yes,No,Declined,Skeptical,Negative,N/A,N/A,Customer sentiment shifted from skeptical in the opening (questioning agent's purpose) to negative in the early middle (explicitly stating 'not interested' and 'not reliable') after the price was presented and the agent's initial explanation.,2 frustrations,0,0,250,Disconnect - Post-Price/ROI,Customer,145,No Commitment Secured,None,No,No,No,No,Disconnect - Post-Price/ROI,Lack of trust/rapport,TRUE,,TRUE
16256035,2026508464,DEODATORUGGEROUY,12/4/2025 8:33,XFER,CP105,239,https://archive-sales.411locals.smartcarrier.io/RECORDINGS/2025-12-04/20251205-003321_CP105_DEODATORUGGEROUY-all.mp3,"Speaker A (00:04 - 00:05): Hello?
Speaker B (00:05 - 00:08): Hello. You're doing handyman services, right?
Speaker A (00:08 - 00:09): Yes.
Speaker B (00:09 - 00:19): Yeah, I saw your ad here on Facebook. By the way, my name is Dave. There's only like one picture here. Do you have a webpage where we can look up more of your work?
Speaker A (00:20 - 00:23): What type of work you need? Maybe I cannot do that.
Speaker B (00:23 - 00:29): For example, simple TV installation, some minor painting, something like that.
Speaker A (00:29 - 00:33): Ah, okay. Yeah, I have a website. It is on the app.
Speaker B (00:33 - 00:35): It is on the app, but.
Speaker B (00:36 - 00:37): Which.
Speaker A (00:37 - 00:42): You saw on the Facebook. You can see my cell phone, my email, my website.
Speaker A (00:44 - 00:46): Not much pictures on the website.
Speaker C (00:47 - 00:48): Pictures.
Speaker A (00:50 - 00:54): I have a picture on the contact. Do you know contact?
Speaker B (00:56 - 00:57): Is that an application?
Speaker A (00:57 - 01:00): It is an application to hide some.
Speaker B (01:03 - 01:05): Oh, okay. Okay, perfect.
Speaker C (01:05 - 01:07): And am I speaking to Mr. Dale?
Speaker A (01:07 - 01:09): Yes, my name is Dale.
Speaker B (01:09 - 01:25): Wonderful. Yeah. I'm calling because we're seeing a search of people in your area searching online for handyman service. And my manager asked me to reach out of your local business that can actually attract new customers or you, you.
Speaker A (01:25 - 01:27): Are customer or you from some company?
Speaker B (01:28 - 01:30): I'm from a company, actually, yeah.
Speaker C (01:31 - 01:34): Dale, you are also the owner of these services, right?
Speaker A (01:34 - 01:35): Yes.
Speaker B (01:35 - 02:04): Oh, wonderful to hear that. Yeah. And just to be clear, we're not looking for work. We have connect customers who are already searching for your kind of service. It's about reviewing a few local business for potential placement in front of real customer searches. So my manager just confirms which one fits the criteria. So like for example, any season you're still open to accepting new ones, right? New clients, yes.
Speaker A (02:04 - 02:07): But usually I'm busy. Always now I'm.
Speaker B (02:07 - 02:14): Oh, yeah, yeah, no worries about that. Deal. Let me just write it down that you're so open. So yeah.
Speaker A (02:14 - 02:15): What company you are from?
Speaker B (02:15 - 02:28): I am from 411 local. So as of now, we're comparing prices, something like that, making sure that, you know, we are all aware about your services. Yes. So at least.
Speaker C (02:29 - 02:31): So you can do that like TV.
Speaker B (02:31 - 02:35): Installation and some minor repairs, right?
Speaker A (02:35 - 02:35): Yes.
Speaker B (02:35 - 02:41): Okay, wonderful to hear that. Let me just make sure here that I'm well aware about your services.
Speaker C (02:42 - 02:42): Perfect.
Speaker B (02:42 - 02:43): Please.
Speaker B (02:44 - 02:52): By the way, D, I have my manager here who asked me to call you. Patrick. We have Dale under handyman and he has a website.
Speaker C (02:53 - 02:56): Okay, thank you. Hi there, Dale. How are you?
Speaker A (02:56 - 02:58): Good. Hello, how are you?
Speaker C (02:58 - 03:00): I'm doing good, thank you.
",,,Patrick Garcia,12/4/2025 8:36,IG114,https://archive-sales.411locals.smartcarrier.io/RECORDINGS/2025-12-04/20251204-083706_CP111_MICHAELANGELORAMOS-all.mp3,B,UG142,93,"Yeah, uh, by the way, uh, Dale, I have my manager here who asked me to call you. Patrick, we have Dale under handyman, uh, and he has a website. Okay, thank you. Hi there, uh, Dale, how are you? Good, hello, how are you? I'm doing good. Uh, thank you for asking, you know, uh, can't complain. God is good, right? Anyway, this is Patrick, one of the area manager here with 411 locals. And I did ask my assistant to contact you because we are looking for reliable business in your area that we can work with. Okay? So, I just want to ask a few questions here that way we can see if this would be a good fit. Okay? Uh, yeah, but I am busy now. I am at work. Actually, this will only take like, uh, a few minutes of your time, right? Um, if you like what you hear, we can go ahead, if not, then we can just part ways at this point. Okay? Uh, yeah, let's let's talk some different time, okay? I am busy. And if you, if you send your contact information to my email address, maybe I can reach you out when I am available to talk. Okay? Okay. No worries. Thank you. Yes, thank you. Thank you. Bye.",,,MICHAELANGELORAMOS,DALE ,,"Fairfax  VA, , ",Handyman,1,1,0,16256035,8,DALE ,Handyman,"Fairfax  VA, , ",Eastern,Low season,December,Consultative & Validating,Male,Yes,UNKNOWN,No,No,Yes,Skeptical/Cautious,English,Yes,busy,Customer,Novice,5,,TRUE,,37.5,62.5,Agent-Heavy,0,0,0,0,Surface-Level,No,0,2,0:02,Resistant,Confident & Assumptive,Agent,13,Yes,Yes,Yes,Yes,"Agent stated the purpose ('see if this would be a good fit'), set time expectation ('only take like, uh, a few minutes'), and outlined the process ('if you like what you hear, we can go ahead, if not, then we can just part ways').",2,0,1,0,0,0,0,0,No,4,7,1,0,4,1,0,0,0,None,Agent-Heavy,Unstructured,"III, IV, V, VI, VII",None,No,Yes,2,3,Professional,Yes,No,Declined,Negative/Skeptical,N/A,N/A,Negative/Skeptical,"Customer's sentiment shifted from a polite initial greeting to immediate resistance ('I am busy now') and a request to talk at a different time, leading to the call's end.",2 frustrations,0,0,93,Introduction/Reason for Call,Customer,49,No Commitment Secured,None,No,No,No,No,Early Disconnect - Before Discovery,Timing concerns,TRUE,,TRUE
9293373,2038021287,WILYNEGAJETE,12/5/2025 9:47,XFER,CP105,86,https://archive-sales.411locals.smartcarrier.io/RECORDINGS/2025-12-05/20251206-014733_CP105_WILYNEGAJETE-all.mp3,"Speaker A (00:02 - 00:07): Hello? Yes, hi. Good morning. Are you still doing handyman services, sir?
Speaker B (00:07 - 00:08): Yeah. Who's speaking?
Speaker A (00:08 - 00:22): My name is Brittany, sir. Maybe you can help me. I'm actually calling because my manager asked me to look for someone who does handyman services. So I would like to verify, sir, if you do residential or it's only commercial job?
Speaker B (00:23 - 00:23): Both.
Speaker A (00:24 - 00:32): Both. I see. So it doesn't matter how big or small the job is. You guys can still handle new customers? Of course. Right?
Speaker B (00:32 - 00:32): Yeah.
Speaker A (00:32 - 00:37): Okay, perfect, sir. By the way, my name is Brittany. Who do you have a pleasure of speaking with?
Speaker B (00:37 - 00:38): Jose.
Speaker A (00:38 - 00:40): Jose. Are you the owner of the business?
Speaker B (00:40 - 00:41): Yes.
Speaker A (00:41 - 00:55): Okay, perfect. So, sir, Jose is what I have mentioned, Sir. It was my manager who asked me to give you a call and he's on the line with us right now. His name is Oscar. Oscar is not here. Jose, the owner and can handle his customers for handiness.
Speaker B (00:55 - 00:59): Okay, excellent. Thank you. Hi, Mr. Jose. How are you doing, sir? Good.
",,,Oscar Ross,12/5/2025 9:48,IG114,https://archive-sales.411locals.smartcarrier.io/RECORDINGS/2025-12-05/20251205-094846_CP111_MANUELRAMIREZ-all.mp3,HU,UG142,291,"Speaker A (00:00 - 00:09): Who asked me to give you a call and he's on the line with us right now. His name is Oscar. Oscar, I have here today the owner and can handle his customers for handymeg.
Speaker B (00:09 - 00:31): Okay, excellent. Thank you. Hi, Mr. Jose. How are you doing, sir? Good, perfect. I'm glad to hear that, Mr. Jose. This is Oscar, a manager at 411 Local, sir. And we're looking for available company to work with. Mr. Jose. We see an increase of customers looking for these handyman services and construction, and we want to know if you can take more customers for your business.
Speaker B (00:33 - 00:39): Yeah, okay, perfect. And Mr. Jose, how many years of experience you've been doing this Handyman Services?
Speaker C (00:40 - 00:41): About 20 years.
Speaker B (00:41 - 00:42): 20 years of experience, is that.
Speaker C (00:42 - 00:44): Yes, sir, 20 years.
Speaker B (00:44 - 00:55): Okay, so you have a lot of. Wow. A lot of experience already. Perfect. And with that experience coach, you do residential and commercial services or you focus more on residential services?
Speaker C (00:55 - 00:57): Both, I do both.
Speaker B (00:57 - 01:05): Both residential and commercial. Okay, okay, Jose. And there is any type of service that you specialize or that better revenue. Your business, Mr. Jose.
Speaker B (01:10 - 01:19): Have a lot of services. So which services better revenue, your business, or what services do you prefer to do, Mr. Hosa?
Speaker C (01:20 - 01:33): Just service calls. I mean, usually with my service calls, I usually do whatever the client needs to do. Like, I do everything from what I prefer. Money. That's what I prefer.
Speaker B (01:33 - 01:45): And what those services that give you the most money. That's totally understanding. That's what I'm gonna go. You know, what services better revenue, your business, Mr. Jose. That's what I'm trying to ask.
Speaker C (01:45 - 01:46): Well, I.
Speaker C (01:47 - 02:11): Mean, I like to do paintings. I like to do flooring. I like service calls where, you know, something's broken and I could fix it or replace it. So I do, I do. Yeah. Like, I mean, I could do everything else. It's just some of the things that I try to stay away from is big projects. I don't like big projects because I'm only one person.
Speaker B (02:11 - 02:38): All right, so let's focus on residential services then. Oh yeah, then. And that's something. I think that's better because that's quick and easy money. Because sometimes for commercial services, because it's a huge services, they want to pay less. It's a big project. Let's focus on residential. Definitely get it. And what about the exterior? What about siding, roofing, window, door installation? Concrete, maybe, or use interior.
Speaker C (02:39 - 02:40): Yeah, I do all that.
Speaker C (02:42 - 02:44): I try to stay away from roofing.
Speaker B (02:44 - 02:54): No roofing, but yes, siding. And that would be it. Right. Okay. Well, Mr. Jose. And how do you normally get new customers by word of mouth.
Speaker C (02:54 - 02:57): Some word of mouth. And I advertise on Yelp.
Speaker B (02:57 - 03:03): I see your business on Yelp. That's right. As a mobile handyman, how that works so far, Mr. Jose?
Speaker C (03:04 - 03:05): It's working good.
Speaker B (03:05 - 03:10): It's working good so far. Okay. And do you know how many customers you get last week from Yelp?
Speaker C (03:11 - 03:12): Maybe two or three.
Speaker B (03:12 - 03:19): Maybe two or three. Okay, that's. That's not. That's not bad. So you're paying with Yelp? You have a contract with them, Mr. Holmes there?
Speaker C (03:19 - 03:20): I do.
Speaker B (03:20 - 03:23): Okay. How much do you paying with Yelp at month?
Speaker C (03:23 - 03:25): Hold on one second, sir. I gotta take.
",,,WILYNEGAJETE,Jose ,Mobile Handyman,"Southington CT, CT, 6489",Handyman Drywall Installation  Repair Door Sale,2,1,1,9293373,16,Jose ,Handyman Drywall Installation  Repair Door Sale,"Southington CT, CT, 6489",Eastern,High season,December,Consultative & Validating,Female,Yes,Yes,No,Yes,Yes,Happy/Optimistic,English,Yes,available,Agent,Novice,5,,TRUE,,41.67,54.17,Mutual Dialogue,11,6,4,0,Moderate Depth,Yes,2,2,2:02,Neutral,Confident & Assumptive,Agent,9,Yes,No,No,No,"Not explicitly outlined, agent moved directly into discovery after stating reason.",2,2,2,100,1,0,0,1,No,2.69,6,1,7,5,1,0,0,0,None,Mutual,Somewhat Structured,FOMO; Value Proposition; ROI; Close,None,No,Yes,5,2,Professional,Yes,No,Stable,Neutral,Neutral,N/A,Neutral,"Customer remained engaged and responsive throughout the call, with no significant shifts in sentiment towards the agent or the call's purpose. The call ended due to an external interruption.",0,0,0,291,Discovery Phase,Customer,28,No Commitment Secured,None,No,No,No,No,Disconnect - During Discovery,External interruption,TRUE,,TRUE
15365134,2072335754,CLIFFORDBOLARDE,12/26/2025 7:48,XFER,CP108,94,https://archive-sales.411locals.smartcarrier.io/RECORDINGS/2025-12-26/20251226-074845_CP108_CLIFFORDBOLARDE-all.mp3,"Hello? Hello. Hello, who's this? Hi. Um, maybe you can help me. Are you still doing yard cleanup and landscape work? Uh, just mostly commercial, but I don't uh what do you have for work? What are you looking to have done? Oh, I'm I'm speaking with the owner, right? Yep, yes. This is Michael with England Landscape. Yep. Michael. Well, my name is Kendall, by the way, Mike. It's nice to meet you. And yeah, so I said, I'm calling because we're seeing people in Gorham, um, looking for landscape service online and the manager asked me to look for someone who still take customer. You said that you work for commercial, so you mean to say you charge per project, you don't do hourly? No, I do, but not much anymore. I'm I'm getting to the point where I'm retiring, so I don't have just a few more years to go. So no, I just I just maintain commercial accounts at the moment, so I'm not but I'm not looking to grow or accept new more accounts at this time, so. No, what I'm trying to say is that you because you said that you charge per project, so I think she can get a free estimate, right? That's for sure. Yes. Yep. Okay. All right. I will take note of that one. And um, as you said earlier, I have human manager Ismael has Mike who's doing commercial landscaping as well and also gives us a discount as well. Yep. That's that's perfectly fine. Oh, okay.",,,Ismael Marenco,12/26/2025 7:50,AGENTDIRECT,https://archive-sales.411locals.smartcarrier.io/RECORDINGS/2025-12-26/20251226-075003_CP111_ISMAELMALENCOCORDOVA-all.mp3,HU,UG142,86,"Anyway, we'll take later that way. And um that's just earlier I have human manager, Ismael have Mike, his doing commercial landscaping, Ismael and also giving estimate as well. Yep, that's how pretty fun. Okay, that's great to hear. So, how are you today? No, see you. You have been kicked from this conference.",,,VDAD, ,Wintergreen Landscaping Inc.,"Gorham, ME, 04038-2296",Landscape Contractors,1,1,0,15365134,29, ,Landscape Contractors,"Gorham, ME, 04038-2296",Eastern,Low season,December,Consultative & Validating,unknown,Yes,No,No,No,No - not qualified,Not Happy/Optimistic,English,Yes,available,Agent,,4.2,Start-of-Call Latency,TRUE,,0,100,Agent-Heavy,0,0,0,0,Surface-Level,No,0,0,0:00,Neutral,Robotic & Script-Bound,Agent,86,No,No,No,No,Not Found in Transcript,0,0,0,0,0,0,0,0,No,7,7,1,0,0,0,1,0,0,None,Agent-Heavy,Unstructured,All stages after Introduction,No,No,No,0,1,Professional,Yes,No,Stable,Neutral,Neutral,Neutral,Neutral,Not Found in Transcript,0,0,0,86,Introduction,Technical Issue,86,No Commitment Secured,None,No,No,No,No,Early Disconnect - Before Discovery,Technical issue,TRUE,,TRUE
16264014,2028551960,JENNIFERLICUANAN,12/17/2025 9:06,XFER,CP108,101,https://archive-sales.411locals.smartcarrier.io/RECORDINGS/2025-12-17/20251217-090610_CP108_JENNIFERLICUANAN-all.mp3,"Hello? Hello? Yes, hello. Hello, good morning. Are you still doing some auto body repair? Yes, this is this is Jake. Hi, Jake. Jake, you are the owner of this auto body shop? Yes. Mhm. Jake, the reason why we're calling you, um, it's because we have seen some people that are looking for, uh, your service, uh, along the area, and that's, uh, your travel service, I mean. And that's the reason why my manager asked me to, uh, check or to call if you local business owners like you, uh, if you can handle new customers, right? So, I believe, Jake, you can still accommodate new customer, correct? Uh, yes. That's great. By the way, Jake, um, how long have you been running your business now? Around five years. Oh, great. Five years. So, five years, uh, you're also, uh, doing some auto detailing or just repair? Uh, five at years, I'm also three years. Mm, I see. All right, that's good. By the way, Jake, uh, I already have here my manager on the line now, uh, Darwin. Uh, I have here Jake, the owner, can accommodate new customer. Uh, hi there, Jake, how are you doing? Hi, how you doing?",,,Darwin Sanchez,12/17/2025 9:07,IG112,https://archive-sales.411locals.smartcarrier.io/RECORDINGS/2025-12-17/20251217-090722_CP111_DARWINSANCHEZ24-all.mp3,NP,UG142,424,"Speaker A (00:00 - 00:00): What would you say?
Speaker B (00:00 - 00:02): Me or just repair?
Speaker C (00:02 - 00:05): I have five years and also three years.
Speaker B (00:06 - 00:17): I see. All right, that's good. By the way, Jake, I already have you, my manager on the line now, Darwin. I have you, Jake. The owner can accommodate the customer.
Speaker A (00:17 - 00:18): Hi there, Jake. How you doing?
Speaker C (00:18 - 00:19): Hey, how you doing?
Speaker A (00:20 - 00:29): I'm doing well myself. My name is Darwin. We're actually looking for an auto body company would like to work with out there in the area. You guys are based out of Orlando, right? Is that correct?
Speaker C (00:29 - 00:30): Yes.
Speaker A (00:30 - 00:34): Okay. And I'm actually under the impression that you're still open to take on more work, right?
Speaker C (00:34 - 00:34): Yes.
Speaker A (00:34 - 00:35): Okay, good.
Speaker C (00:35 - 00:37): I'm open for years.
Speaker A (00:37 - 00:43): Okay. Now I'd like to ask just a couple questions first, if you don't mind. I just want to see if this is going to be a good fit. Okay. Like.
Speaker C (00:43 - 00:44): Okay.
Speaker A (00:44 - 00:46): Can you tell me how long you've been in business now, Jay?
Speaker C (00:46 - 00:48): For about five years.
Speaker A (00:48 - 00:52): Five years. Congratulations. And are you the sole owner or like, how many owners are there?
Speaker C (00:53 - 00:57): I am the sole owner. And three years or no, five years.
Speaker A (00:57 - 01:04): Sole owner for five years. Do you have employees that help you with the job or you typically work alone? For now, typically I work alone, but.
Speaker C (01:04 - 01:09): Sometimes I also work with my uncles as well.
Speaker A (01:09 - 01:11): I see. Do you also have the same business?
Speaker C (01:11 - 01:12): Yes.
Speaker A (01:12 - 01:19): Okay, can you tell me what the type of jobs you usually take? Andre, I'm sorry, you broke up there. Can you repeat that?
Speaker C (01:21 - 01:22): Damage like that.
Speaker A (01:22 - 01:25): Okay. All tops of damage. You do collision too, right?
Speaker C (01:26 - 01:26): Yes.
Speaker A (01:26 - 01:48): Okay. And you do have a shop out there in Orlando or you do mobile? I do mobile. Okay. Do you go outside of Orlando or how far would you be willing to travel, Jake, for a job? And can you give me an idea though, how much you usually charge off an average job for the most frequent job that you get? If you can give me a ballpark.
Speaker C (01:48 - 02:01): Now, it's most work based, like everything to do with just how much work I have to do on everything, how long it's going to take, what kind of car it is. It just comes down to a couple different factors.
Speaker A (02:01 - 02:19): And how much do you think you should be making off for you to go out there and do a job? 400. Okay, I gotcha. Well, let me tell you the reason I called, Jake, because this is something you'd be happy to hear about. Okay. And by the way, what is the name of your business? I didn't hear that.
Speaker C (02:20 - 02:21): Hunters Auto Body.
Speaker A (02:21 - 02:52): Hunters Auto Body, my company is four women locals and we specialize in blockchain traffic of search terms on the Internet and we're actually calling you because we do see traffic going on from people searching and looking for your service. In fact, if we talk about Orlando area For the past 30 days, Jake, Orlando actually has a total of over 1,382 searches from people looking for somebody who does 100 auto body repair service and collision repair. That's a lot of searches, right?
Speaker C (02:52 - 02:52): Yeah.
Speaker A (02:52 - 03:08): Now imagine this, somebody out there goes online, they go to Google, they type in, you know, auto body repair service. Even if they don't know you, they can see your business name, phone number popping up from first page. Your Google turned it. Do you think it would be beneficial for your business? I'm sorry, I'm sorry, what is that?
Speaker C (03:09 - 03:11): It broke up a little bit. I'm so sorry.
Speaker A (03:11 - 03:39): Yeah, somebody would search for Audibody service, they go to Google and they see your name popping up in front of them along with your phone number. That should be very beneficial for your business, right? Yes, absolutely. Every time people would see you popping up in first page Google, Jake, they always associate you as one of the best. They'll call you naturally. In fact I'm in front of Google right now. I just typed in here Autobody Services. These are the companies I don't know if you've heard of Millennia Autobody, have you seen that around?
Speaker C (03:40 - 03:41): No, I have not seen that around.
Speaker A (03:41 - 03:44): How about Orlando Autobody maybe?
Speaker C (03:44 - 03:46): I think I heard of that one.
Speaker A (03:46 - 04:34): Okay, how about MT Collision center of Orlando? Have you seen that too or heard about it? Familiar? Okay, they're the ones in first base and they're getting those calls obviously. Okay. They're your competition. You're not there yet, Jake. I mean, I know, you know, you do good job yourself, right? You've been doing this five years now. But there's people out there who may haven't heard of you yet. They're going online ready to buy right now. They can't find you and we can change that. In fact the name of my company, just to keep you in mind of these. Alright, it's 411 locals. We've been in business for over 18 years now and there's only a small handful of us worldwide is actually a certified partner at Google for very, very good. What we do and what we offer you Jake, is not just about helping people find you. But every time they see you, we make sure they'll be impressed. We're going to help you stand out. We do that by creating your own website. Do you have a website yet?
Speaker C (04:34 - 04:40): Yeah, I have a website and everything but I think it's all hidden stuff. I'm okay with everything.
Speaker A (04:41 - 04:41): Thank you.
Speaker B (04:41 - 04:42): Now.
",,,JUDITACLARIDAD,JAKE ,,"Orlando FL, , ",Auto Body Shops,4,1,3,16264014,11,JAKE ,Auto Body Shops,"Orlando FL, , ",Eastern,,December,Consultative & Validating,Female,Yes,Yes,No,No,Yes,Not Angry/Frustrated,English,Yes,available,Agent,Novice,4.2,Start-of-Call Latency,TRUE,,42.22,57.78,Mutual Dialogue,10,9,1,0,Moderate Depth,No,0,1,0:01,Resistant,Confident & Assumptive,Agent,104,Yes,Yes,Yes,Yes,"Agent outlined asking questions to see if it's a good fit, but not the full call process.",1,0,0,0,0,0,0,0,Yes,2,10,2,18,6,2,0,1,0.14,Rare,Mutual,Somewhat Structured,VII,No,No,Yes,5,4,Professional,Yes,No,Declined,Neutral,Neutral,N/A,Skeptical,"Customer sentiment shifted from neutral to skeptical/resistant at 04:34 when agent asked about website, leading to customer stating 'I'm okay with everything'.",0 frustrations,0,0,424,Value Proposition and FOMO,Mutual,32,No Commitment Secured,None,No,No,No,No,Disconnect - During Pitch/Value Prop,Not qualified/not interested,TRUE,,TRUE
14426562,2083989669,GREGPHILIPSALAZAR,12/11/2025 8:53,XFER,CP108,277,https://archive-sales.411locals.smartcarrier.io/RECORDINGS/2025-12-11/20251211-085331_CP108_GREGPHILIPSALAZAR-all.mp3,"Hello?
Hello, hello sir.
I'm Mrs.
Cerinos Martinez?
No?
No?
You do remodeling service?
Eh, one second.
Yo?
Hey sir.
Oh.
Hello?
Hello, sir.
Good morning.
Um, do you still do remodeling painting service?
Yes, sir, I am not there.
Uh, I'm moving.
I no living more in Idaho.
I'm moving for Tennessee.
Oh, how about you still I'm not painting painting.
Yeah, we doing, but I no stay.
I'm moving last last year.
Like I'm I'm right now in Tennessee.
Uh-huh.
Yes, sir, in Tennessee.
Yeah, I'm moving for Memphis, Tennessee.
Oh.
I no more more.
I no more work in Idaho.
Sorry.
Thank you.
No problem, sir, but I believe you're still in Memphis?
Yes, Tennessee.
Well, that's the reason why, sir, I'm reaching out if you still do remodeling and painting in Memphis, Tennessee?
Yes.
Well, this is great, sir.
You're speaking with uh maybe you can help me.
I'm calling, sir, um because uh we do seeing several people in your local areas here who's interested for remodeling and painting online and my manager asked me to look for someone can accommodate customer and your name, sir, who am I speaking with?
Yeah, like Jeffrey.
Thank you, Jeffrey.
And I'm speaking with the owner, Jeffrey, right?
Of the business?
Yeah.
Oh, Jeffrey, you speak a little bit English.
Yes, a little bit.
Yeah, sorry.
So, um, Jeffrey, just to be clear, we're not looking for work.
We help connect customers who are already searching for your kind of service and it's about reviewing a few local business for potential placement in front of real customers.
Uh, do you do, Jeffrey, painting and remodeling resident or you do commercial?
Both.
And you do Thank you.
And you do open Monday to Saturday, right?
Yes, ma'am.
Yes.
Thank you.
And you do offer free estimate, sir, or you charge an estimate, Jeffrey?
Uh, free estimate.
Free estimate, correct?
Mhm.
Yes.
And you're licensed and insured, um, Jeffrey?
Yeah, we got everything.
Perfect.
And if you don't mind me asking, Jeffrey, how many years you're in the business doing uh remodeling painting, sir?
Like seven years.
Seven years.
Thank you.
Well, one moment here, sir.
Seven years, uh, Jeffrey, do you hear me?
Yeah.
Mhm.
Yeah.
Yeah.
Um, you just stay locally in Memphis, in Tennessee or you do travel, sir, for a job?
Uh, we Memphis and so close areas like too close for Mississippi and Arkansas too.
Thank you.
So you do travel, correct?
Yeah.
Yeah.
Perfect.
One moment here, Jeffrey.
One moment here, Jeffrey.
Hi, I do have Jeffrey, the owner can accommodate customer, remodeling and painting.
Great, thanks.
Uh, to cover.
Uh, hello, Jerry, can you hear me okay?
Yeah, I'm hearing.
All right, right, perfect.
Uh, look, so we don't take too much of your time or mine, let me go ahead and introduce myself.",,,Art Estrada,12/11/2025 8:57,IG114,https://archive-sales.411locals.smartcarrier.io/RECORDINGS/2025-12-11/20251211-085744_CP111_ARTURODELEON-all.mp3,A,UG142,139,"Hi, I do have Jeffrey, the owner, kind of a comedy customer, remodeling and painting.
Great, thanks.
Uh, let's go over.
Uh hello Jerry, can you hear me okay?
Yeah, I hear you.
All right, right.
Uh, look, so we don't take too much of your time or mind.
Let me go ahead and introduce myself really quickly.
Uh, my name is Art, and I'm the area manager for 411 locals.
Uh, what we do here, Jerry, is is it Jerry or Jeffrey?
I'm sorry.
Jeffrey.
Oh, Jeffrey.
Oh, so, thank you so much.
Sorry about that.
Uh, and what we do here is actually help business like yours to uh, attract more people online, right?
Better clientele, better uh, traffic online.
Uh, is that something that you might be interested in here for your company, Jeffrey?
Uh, not right now.
I'm very little busy right now.
You are really busy?
For how many months do you think you're already busy?
Like probably like three or four months.
Oh, three or four months ahead.
Okay, okay.
Well, and what are your plans uh, ahead after those three months?
How do you get new clients?
Well, when I'm still working like if somebody call me for more jobs and, you know, like remodel.
Yeah.
Just send and, you know, the next couple of months.
The next couple of months.
Definitely understand that.
Okay, okay.
So you always stay busy right now and then you you don't really have any challenges as far as getting new new clients.
No problems, right?
Getting new clients?
No.
Not right now.
Not right now.
So that's a good thing, right?
Absolutely.
Okay, well, let me go ahead and send you some information about our company, uh, Jeffrey, if at some point, uh, you think this would be a good fit, please go ahead and give us a call back, okay?
All right, no problem.
All right, perfect, thank you.
Take care.
Bye.
Bye.
You have been kicked from this conference.",,,VDAD, ,Chirinos  Martinez Construction LLC,"Memphis, TN, TN, 83617",Construction- Remodeling/ Painter,1,1,0,14426562,40, ,Construction- Remodeling/ Painter,"Memphis, TN, TN, 83617",Eastern,Low season,December,Consultative & Validating,Male,Explicit Confirmation,UNKNOWN,PASS,NO,Yes,Not Angry/Frustrated,English,Yes,available,Agent,NOVICE,5,,TRUE,,41.67,58.33,Mutual Dialogue,2,1,1,0,Surface-Level,No,0,2,0:02,Resistant,Consultative & Validating,Agent,29,Yes,No,No,Yes,Agent stated he wouldn't take too much time and would introduce himself.,2,2,1,100,0,0,0,0,No,2.92,7,3,7,3,3,0,0,0,None,Mutual,Somewhat Structured,"IV, V, VI, VII",None,No,Yes,2,2,Professional,Yes,No,Declined,Skeptical,N/A,N/A,Resistant,Customer shifted to resistant after initial qualifying question and reiterated disinterest at the end of discovery.,0,0,0,139,Discovery Phase,Agent,32,Customer to Review Materials,Implied,No,No,No,No,Disconnect - During Discovery,Not qualified/not interested,TRUE,,TRUE
16288539,2034247790,ADELALUCAS,12/17/2025 10:42,XFER,CP105,132,https://archive-sales.411locals.smartcarrier.io/RECORDINGS/2025-12-17/20251218-024230_CP105_ADELALUCAS-all.mp3,"Hello.
Hello. Hi Ray, uh, this is Adele. I was the one who called you earlier regarding what junk removal services in Stamford.
Okay. Okay. Yes, this is. Yeah, by the way, um, Ray, uh, I would like to ask if you're still, um, available to accommodate customer in the area for the service in Stamford?
Um, when, exactly? I have I have something going on.
Yeah, are you available to do the service like Mondays through Friday or can you also do on a weekend still?
Mondays through Friday. I'm sorry, could you remind me where you called from? I uh didn't catch it.
Yeah, I am actually calling on behalf of 411 locals, Ray. And we're calling because we're seeing a search people in your area in Stamford who's actually searching for junk removal service online.
Right.
Reason why my monitor asked me to reach out for someone that could definitely um accommodate customer in the area and I hope you do, right?
Yes. Okay, but then um but then again, um Ray, do you have some workers or do you work alone for the service?
Yeah, I have a small team. Um, but I did speak to a colleague earlier.
Okay.
I think it was. Oh, yes. Um, we have a call scheduled for like later this afternoon. So, um, yeah. Um,
Can I just call you back or or something? Sorry, I was in the middle of something. Yeah.
Oh, yeah. Um, actually my manager who asked me to give you a call, um, is on the other line, Ray. Um, his name is Patrick and he will take the call if you don't mind, okay?
Okay. Um, sure. Yeah, Patrick.
Yeah, I have here Ray, the owner can handle near customer for junk removal. He is available um via appointment um Mondays through Friday. Do residential and commercial five years in the business have workers.
Okay, thank you. Hi Ray, how are you?
Hi, I'm all right. How are you?
Well, I'm doing great. Thank you for asking.",,,Patrick Garcia,12/17/2025 10:43,IG114,https://archive-sales.411locals.smartcarrier.io/RECORDINGS/2025-12-17/20251217-104358_CP111_MICHAELANGELORAMOS-all.mp3,CALLBK,UG142,87,"I think his name was Chris. Um, we have a call scheduled for like later this afternoon. So um, yeah. Um, Could I just call you back or or something? Sorry, I was in the middle of something. Oh yeah. Um, actually my manager who asked me to give you a call, um is on the other line Ray. Um his name is Patrick and he will take the call if you don't mind, okay? Okay. Um Yeah, Patrick. Yeah, I have here Ray, the owner can handle any customer for John. He is available um via appointment um Mondays through Friday to residential and commercial five years in the business have workers. Okay, thank you. Hi Ray, how are you? Hi, I'm all right. How are you? Well, I'm doing great. Thank you for asking, you know. And this is Patrick, one of the area manager here with 411 locals. and I asked my assistant to contact you because we're looking for reliable business in your area that we can work with. So I just want to ask a few questions to see if this would be Okay. Yeah, yeah. I I'm definitely interested in having a conversation. I just I'm in the middle of something right now, so I can't speak at the moment. Uh, could I talk to you around 4:00? Uh, sure, no worries. Just let us know, you know, call us back, okay? Okay. Yeah. All right, I will do. Yeah, I'll give you a call back.",,,ERNESTCGHERRERA,Ray ,,"Stamford CT, CT, ",Junk Removal Services,3,3,0,16288539,12,Ray ,Junk Removal Services,"Stamford CT, CT, ",Eastern,Low season,December,Hesitant & Apologetic,Female,Yes,,No,Yes,Yes,Overwhelmed/Stressed,English,Yes,busy,Agent,Novice,4.2,Start-of-Call Latency,TRUE,,33.33,66.67,Agent-Heavy,0,0,0,0,Surface-Level,No,1,1,1:01,Skeptical,Consultative & Validating,Agent,10,Yes,Yes,Yes,No,"Agent stated he wanted to ask a few questions, but did not outline the process or time expectations.",1,1,0,100,0,0,0,0,No,2.57,4,0,4,3,0,0,0,0,None,Agent-Heavy,Unstructured,Discovery; FOMO; Value Proposition; ROI Calculation; Assume the Sale,None,No,Yes,1,3,Professional,Yes,No,Stable,Skeptical,N/A,N/A,Skeptical,Customer expressed initial interest but immediately followed with a timing concern.,0,0,0,87,Introduction and Reason for Call,Mutual,5,Follow-up Scheduled,Implied,No,No,No,Yes,Follow-up Scheduled,Timing concerns,TRUE,,TRUE
16290989,2059082489,NOELMAULEONHULGUIN,12/18/2025 15:22,XFER,CP105,430,https://archive-sales.411locals.smartcarrier.io/RECORDINGS/2025-12-18/20251219-072211_CP105_NOELMAULEONHULGUIN-all.mp3,"Speaker A (00:04 - 00:05): Hello?
Speaker B (00:05 - 00:14): Hello sir, you still do irrigation repairs in Birmingham? I do. Oh good. By the way, this is Noel, who am I speaking with?
Speaker A (00:14 - 00:15): Rodolfo.
Speaker B (00:15 - 00:17): Oh the owner sir Rodolfo.
Speaker A (00:17 - 00:18): Yes.
Speaker B (00:18 - 00:34): Oh perfect. Sir Rodolfo. By the way following because we're seeing a slate of people in your area switching on my service and my manager asked reach out to a few local businesses. You can actually take on more customers. That's why I'm calling you. Are you able to handle new customers? What are you calling from?
Speaker A (00:34 - 00:35): Where are you calling from?
Speaker B (00:35 - 00:43): Oh, 411 locals. From where? 411 locals. What say? Our main office is on Las Vegas, Nevada.
Speaker A (00:43 - 00:45): And what are you calling to Alabama.
Speaker B (00:45 - 00:49): We're looking for someone who do irrigation repairs in Birmingham.
Speaker A (00:49 - 00:51): What company are you from?
Speaker B (00:51 - 00:54): 411 locals. 411 locals. Yes sir.
Speaker A (00:54 - 00:55): I've never heard of that.
Speaker B (00:55 - 01:03): What we do sir is we study the number of people going online searching for your type of service. Then we connect them to business like yours.
Speaker A (01:03 - 01:04): What's your name again?
Speaker B (01:04 - 01:06): Noel, sir. My name is Noel.
Speaker A (01:06 - 01:07): What do you call?
Speaker B (01:08 - 01:15): What we do is we help businesses create a website if they want one or we can put them on the top of their Google list and other platforms.
Speaker A (01:15 - 01:24): Okay, so you want to dump people that they couchy. You want to charge money to pull you company and a local book or whatever.
Speaker B (01:24 - 01:28): No, we're with Google sir. We're directly with Google.
Speaker A (01:28 - 01:29): I don't think you're directly with Google.
Speaker B (01:30 - 01:33): We're official partner. We're official partner with Google.
Speaker A (01:33 - 01:38): If my phone can tell me who you are, tell me who is who you calling from and all that.
Speaker B (01:39 - 01:56): We're with 411 local server using a VoIP so that you are not being charged while making this call. Sir, since I'm from Las Vegas sir if I call you using a Las Vegas number so you know.
Speaker A (01:57 - 01:59): So you know this conversation being recorded, right?
Speaker B (01:59 - 02:00): Yes sir, I know sir.
Speaker A (02:00 - 02:01): Good.
Speaker B (02:01 - 02:02): All our calls are being recorded.
Speaker A (02:02 - 02:03): Good. So continue.
Speaker B (02:03 - 02:16): Yes sir. Yes. So as what I've said sir, just to be clear sir Rodolfo Awareness of work. We help connect customers who are already searching for a kind of service in Birmingham. And you're able to handle new customers, right?
Speaker A (02:16 - 02:21): I have a new customer right now. I'm sorry, I got a lot of customers right now.
Speaker B (02:21 - 02:22): When are you available sir?
Speaker A (02:22 - 02:25): I don't know man. I have to check my schedule and.
Speaker B (02:25 - 02:28): See like next month or next.
Speaker A (02:28 - 02:31): Next month probably in February.
Speaker B (02:31 - 02:48): Oh that's still. Okay sir. That's still do it with us. We're reviewing a few of the fiscal Potential placements in front of your customer searches. And my manager just wants to confirm which one fits the criteria. How long have you been doing the irrigation repair? 10 years, 20 years. Oh, wow.
Speaker A (02:49 - 02:50): That'S good.
Speaker B (02:51 - 03:27): Do you usually work Monday to Friday or weekend day of the day. Oh, I see. That's good to know. By the way, sir Rodolfo. Actually I have now my manager who asked me. Oh, I'm sorry. My manager has connected. By the way, sir Rodolfo, what time do you usually start working? Like do you start early in the morning or you have a set of time? Yeah, start in the morning, so you can start anytime. Good to know. Do you have your license or LLC as well? I do.
Speaker A (03:27 - 03:29): I don't need license to be a relationship.
Speaker B (03:29 - 03:36): Okay, that's understandable. And do you work alone, sir, or you have partners or employees?
Speaker A (03:36 - 03:39): I have people. I know people to help me out if I need to.
Speaker B (03:40 - 04:04): Okay. Okay. So if the job is too big, you just ask them for help just like everybody else does. I'm sorry? Just like everyone else. Oh, okay. Okay. That's good to know, sir. And started off, how do you do your estimation? Like, do you have a set price for every repair or on how many irrigation that you need to repair? Do you charge it one by one?
Speaker A (04:05 - 04:10): I have to look. I mean, they called me and told me come and look at it. And we go from this. Mmm.
Speaker B (04:10 - 04:18): See. So do you charge by the hour? What I've answered is do you charge by the hour or on how many things that you need to.
Speaker A (04:18 - 04:19): It just depends.
Speaker B (04:19 - 04:39): A lot of things. Okay. Actually, tell me a moment here. My manager is almost here. I'll be transferring you to my manager once my manager is connected. Okay. By the way, sir, do you offer discounts for military or veterans or regular customers?
Speaker A (04:40 - 04:40): Depends.
Speaker B (04:41 - 04:59): Still depends like if you know the person or something like that. Actually, I have now my manager. Hello, ma'. Am. Cora. I have here, Sir Rodolpho can do irrigation repairs in BIRMINGHAM More than 20 years in a bit. Sure. Thank you. Hello, Rodolfo. Hi.
",,,Cora Johnson,12/18/2025 15:28,IG112,https://archive-sales.411locals.smartcarrier.io/RECORDINGS/2025-12-18/20251218-152903_CP111_JOHNMENARDESCOTE25-all.mp3,NP,UG142,125,"Do you know the person or something like that? Actually, I have now my manager. Uh, hello, Mom Cora. I have here Sir Rodolfo can do irrigation repairs in Birmingham, more than 20 years in the business. Sure, thank you. Hello, Rodolfo. Hello. What's up? Hi, how are you doing today? Pretty good so far. Perfect, that's good to hear. Well, Rodolfo, this is Cora. I did try to ask my assistant to call you because I'm looking for a reliable business who provides irrigation repairs right now. So, I did try to call you because we're seeing several people in your local area who currently needs your services. So, I just wanted to ask you a few questions, in that way I could see if you might be a good fit. Would that be okay with you? Well, it depends on the questions. Right. How long have you been running the business now? Or 20 years. Oh, wow, congratulations. Like 20 years in the business or 20 years um experience? Wait, wait, wait. What are you, what are you calling me from? I'm calling from 411 locals. We're looking for business who provides irrigation services in the area. That way we can actually advertise. Oh, I got you. But where where are you located? Where are you located right now? Uh, well, um I'm actually one And this very moment, in this very moment, where are you located? I'm we're basically located in Birmingham. I'm one of the area managers here, but our main location is Las Vegas, Nevada. So, what are you calling from? From their office? Yes. Uh, you just lied to me because I can hear all the chickens and and everything in the background. Well, I didn't lie to you. I said you said it's it's in the office? Yes, I'm in a home office. So, yes. Uh, I think you need to find somebody else, ma'am. Okay, bye.",,,JOHNMENARDESCOTE25,Rodolfo ,,"Birmingham,, AL, 35201",Irrigation repairs,5,1,4,16290989,24,Rodolfo ,Irrigation repairs,"Birmingham,, AL, 35201",Central,Low season,December,Consultative & Validating,,Yes,No,No,No,Yes,Mixed Emotional Signals,English,Yes,busy,Customer,SKEPTIC,4.4,Intelligibility,TRUE,,45.45,54.55,Mutual Dialogue,1,1,0,0,Surface-Level,No,0,5,0:05,Resistant,Confident & Assumptive,Agent,9,Yes,Yes,Yes,Yes,Agent stated they wanted to ask a few questions to see if it was a good fit.,5,0,0,0,0,0,0,0,No,2,5,0,9,3,0,0,0,0,None,Mutual,Unstructured,"IV, V, VI, VII",None,No,Yes,2,3,Professional,Yes,No,Declined,Skeptical,Not Found in Transcript,Not Found in Transcript,Negative,"Customer sentiment shifted from neutral/positive to skeptical after agent's initial pitch, then sharply negative when questioning agent's location and accusing of lying.",5 frustrations,0,0,125,Discovery Phase,Customer,52,No Commitment Secured,None,No,No,No,No,Hard Decline,Lack of trust/rapport,TRUE,,TRUE
16291332,2027062655,NOELMAULEONHULGUIN,12/19/2025 7:46,XFER,CP105,171,https://archive-sales.411locals.smartcarrier.io/RECORDINGS/2025-12-19/20251219-234619_CP105_NOELMAULEONHULGUIN-all.mp3,"Hello? Hello. Hello, sir. Uh, you still do junk removal in Woodbridge? Yeah. Oh, good. Uh, by the way, this is Noel. Uh, who am I speaking with? This is Fawad. I'm sorry. Juan? Fawad. Juan. Oh, Jonah? No, it's Fawad, F A W A D. Oh, Fawad. Yeah. Oh, oh, nice. So you're the owner of the business, right? Yeah. Oh, perfect. Sir Fawad, uh, by the way, I'm calling because we're seeing a surge of people in your area searching online for your type of service, and my manager asked me to reach out to your local businesses that can actually take on more customers. Uh, are you able to handle new customers in Woodbridge? Yeah. Oh, perfect. That's the case. Um, just to be curious, Fawad, uh, Jawad, uh, Fawad, I'm sorry. Your name is so unique. It's so hard. I'm sorry. Yeah. Um, Sir Fawad, uh, by the way, um, we help connect customers who are already searching for your kind of service. And how long have you been doing the junk removal business? Uh, more than, like, two years. Oh, two years. Oh, wow. That speaks to quality of your service. It's good. Uh, that's the case, uh, we're reviewing your local businesses, potential placement in front of your customer searches, and my manager just wants to confirm which one fits the criteria. And, uh, just to make that you're qualified, sir, did you, and how long have you been doing, or do you work Monday to Friday, or weekends as well? Yeah, we work everyday. Yeah, everyday. Oh, seven days a week. Oh, nice. Actually, I have now my manager who asked me to give you a call. I'll be transferring you to them, okay? Yeah, sure. Hey, um, Hey, it seems to be, uh, my manager is on here. Uh, while waiting for my manager, sir, um, how do you do your estimation? Like, do you ask for pictures first, or you need to go to the property? We do, depends on the job. We get the picture first, and according to the picture, uh, if something that we could estimate, visibly, we do. If not, we go in the property. Mm, nice. That's good to know. Actually, I have now my manager. Uh, hello, sir Darwin. I have your Fawad, I can do junk removal in Woodbridge, uh, more than two years in the business. All right, thank you. Hi, Fawad. Good morning. Uh, I'm Darwin, sir. How are you doing today? Good, thank you. How are you doing?",,,Darwin Sanchez,12/19/2025 7:48,IG112,https://archive-sales.411locals.smartcarrier.io/RECORDINGS/2025-12-19/20251219-074838_CP111_DARWINSANCHEZ24-all.mp3,NP,UG142,185,"Speaker A (00:00 - 00:03): Ask for pictures first or you need to go to the property.
Speaker B (00:03 - 00:14): We do depend on the job. We get the picture first and according to the picture if something that we could estimate it visibly we do, if not we go into proper nice.
Speaker C (00:14 - 00:14): That's good to know.
Speaker A (00:14 - 00:17): Actually I have now my manager. Hello sir.
Speaker B (00:17 - 00:17): Darwin.
Speaker A (00:17 - 00:22): I have your Fawad. I can do drug removal in Woodbridge. More than two years in the business.
Speaker C (00:22 - 00:26): Thank you. Hi Fawad. Good morning, I'm Darwin, sir. How are you doing today?
Speaker B (00:26 - 00:28): Good, thank you. How are you now?
Speaker C (00:28 - 00:46): Yes sir, I'm doing very well myself, thank you for asking. My name is Darwin and we're actually looking for a junk removal business I would like to work with out there in the area. I suppose you're based out of Prince William county, right? In Virginia, Yeah. Okay, very good. And I'm actually under the impression that you're still open to take on more work, correct?
Speaker B (00:46 - 00:47): Yeah.
Speaker C (00:47 - 00:57): Okay, very good. Now there's a couple questions I'd like to ask you if you don't mind. I just want to see if this is going to be a good fit. Alright. So I can see you've been in business for two years now, is that correct sir?
Speaker B (00:57 - 00:58): Yeah.
Speaker C (00:58 - 01:02): Congratulations. Can you tell me what made you decide to open up your own business?
Speaker B (01:05 - 01:10): My question is do you have junks to be removed or you want to get something for other information?
Speaker C (01:11 - 01:50): Okay, well see we're calling you forward because my company specializes in watching traffic of search terms online and we do see a significant increase in demand going on if we talk about Prince William County. For the past 30 days I'm actually seeing here a total of over 3,728 searches from people going online looking for junk removal. That's a lot of searches, right? It's over 3,000. We can help people find you like for example Fuad. Somebody out there goes online, they go to Google and they type in junk removal near me. Even if they don't know you, they're going to see your business name, phone number popping up first space you Google in front of them. That should be very beneficial for your business, right?
Speaker B (01:50 - 01:52): I already have that, so I don't need that.
Speaker C (01:52 - 01:55): You're telling me you're in the first place to Google already? Is that in front of.
Speaker B (01:56 - 02:00): I'm not in the first page but I am on the Google so I don't need to be in the first.
Speaker C (02:00 - 02:02): Place then you don't.
Speaker B (02:02 - 02:11): I was thinking you haven't any question about service that we do. But I don't need any service to you improve my business. Thank you so much.
Speaker C (02:11 - 02:21): It's not about the service I'm offering. It's about you being found by customers that are already interested. There's a lot out there searching. They're ready to buy you service for a while. Don't you want?
Speaker B (02:21 - 02:25): Yeah, I know. I'm pretty busy with this. I don't need any more because I.
",,,DARWINSANCHEZ24,Fawad ,Best Junk Removal,"Woodbridge,, VA, 22191",Junk Removal,2,1,1,16291332,9,Fawad ,Junk Removal,"Woodbridge,, VA, 22191",Eastern,Low season,December,Consultative & Validating,unknown,Yes,Yes,No,Yes,No,Happy/Optimistic,English,Yes,available,Agent,Novice,5,,TRUE,,52.63,47.37,Mutual Dialogue,1,1,0,0,Surface-Level,No,0,5,0:05,Resistant,Confident & Assumptive,Agent,6,Yes,Yes,Yes,Yes,Agent stated they would ask a couple of questions to see if it was a good fit.,5,0,4,0,0,0,0,0,No,11,39,1,4,3,1,0,1,0,Rare,Agent-Heavy,Somewhat Structured,FOMO/Competitor Discussion; ROI Calculation; Closing/Payment Gathering,None,No,Yes,6,3,Professional,Yes,No,Declined,Skeptical,Negative,N/A,Negative,"Customer sentiment shifted from neutral to skeptical/resistant around 01:05 when questioning the call's purpose, and further declined with direct 'not interested' statements.",5 frustrations,0,0,185,Value Proposition,Customer,74,No Commitment Secured,None,No,No,No,No,Disconnect - During Pitch/Value Prop,Not qualified/not interested,TRUE,,TRUE
16289828,2012069294,ADELALUCAS,12/18/2025 9:01,XFER,CP105,174,https://archive-sales.411locals.smartcarrier.io/RECORDINGS/2025-12-18/20251219-010058_CP105_ADELALUCAS-all.mp3,"Hello? Hello. Hi. Maybe you can help me. Do you still do the kitchen remodeling service in Bergen? I do. Oh, yeah. This is Adele. Am I speaking with the owner of the business right for remodeling service? You are Adele. Okay. Is this John Patrick? It is. How can I help you? Hi, John. Yeah, this is Adele. I'm actually calling you because we're seeing a surge people in Bergen searching online for kitchen remodeling service. My manager asked me to reach out a few local business that can actually take on new customer. John, are you still available to work on a weekends or is it only Mondays through Friday? Uh, no, we work uh seven days a week. So, are you selling advertising? Is that what you're doing? Tell me what is the call about? Oh, actually, John, uh we're not selling leads and customer for you to pay for you to handle. Just to be clear with you, we're not looking for work, but we help connect customers who are already searching for your kind of service. It's about reviewing a few local businesses for potential placements in front of real customer searches. And my manager just confirmed which one fits the criteria. And you're still able to handle new customer, right? For remodeling service? Yeah, we we do the whole job, but I'm still not understanding what the purpose of the call is. Yeah. Actually, we are trying to look for reliable business that we can partner with, John, because we do study the number of people going online who's searching for your kind of service and we connect them to business like yours. And I believe that you are available to handle residential and commercial, right? For remodeling service? Yes, we do both. Okay. And how long have you been in the business, Patrick? Uh, about 28 years, 30 years. Oh, 20 years. And do you have some workers with you or do you work alone for the service? Uh, both, depends on the size of the job. But yeah, we have a. Okay, sounds good. We have a crew. Wonderful. Because my manager Darwin is on the other line, John, and he will take the call if you don't mind, okay? Surely. Okay. Hi, Darwin. I have here John Patrick, the owner, can handle new customer for remodeling service. He is available for both residential and commercial. 20 years in the business and have some workers. Okay. Thank you. Hi there, John. Uh, good morning, sir. I'm Darwin. How are you? I'm good. Go ahead.",,,Darwin Sanchez,12/18/2025 9:03,IG114,https://archive-sales.411locals.smartcarrier.io/RECORDINGS/2025-12-18/20251218-090318_CP111_DARWINSANCHEZ24-all.mp3,NI,UG142,217,"Speaker A (00:00 - 00:01): Work alone for the service?
Speaker B (00:02 - 00:05): Both depends on the size of the job, but yeah.
Speaker A (00:06 - 00:24): Wonderful. Because my manager, Darwin is on the other line, John. And he will take the call if you don't mind. Okay, sure. Okay. Hi, Darwin. I have your John Patrick. The owner can handle me a customer for remodeling service. He is available for both residential and commercial. Twenty years in the business. I have some workers.
Speaker C (00:24 - 00:28): Okay, thank you. Hi there, John. Good morning, sir. I'm Darwin. How are you?
Speaker B (00:28 - 00:30): I'm good. Go ahead, Darwin.
Speaker C (00:30 - 00:39): Okay. Thank you for taking my call. We're actually looking for a remodeling and renovation company we'd like to work with out there in the area. I suppose you're based out of Bergen County?
Speaker B (00:39 - 00:41): We are in the Bergen Passaic area, yeah.
Speaker C (00:41 - 00:47): Okay, very good. Now, just a couple questions I'd like to ask, if you don't mind. I just want to see if this is going to be a good fit.
Speaker A (00:47 - 00:47): Okay.
Speaker C (00:47 - 00:58): Does that make sense? Okay, so I can see that you've been in business for over 20 years now. That's very impressive. You don't sound that old, but that surely tells you definitely know what you're doing, Right?
Speaker B (00:59 - 01:00): Well, thank you.
Speaker C (01:01 - 01:02): Okay.
Speaker B (01:02 - 01:04): I'm not a stray chicken anymore. Yeah, go ahead.
Speaker C (01:06 - 01:12): So you do both residential, commercial, and you do have workers. Helps you with the job, right?
Speaker B (01:12 - 01:15): Yeah, it depends on what the job requires.
Speaker C (01:15 - 01:23): Okay. And can you give me an idea how much you usually charge off an average job for like, say, for a small, basic type of bathroom remodeling?
Speaker B (01:23 - 01:26): I don't give out prices, but people do not beat my price.
Speaker C (01:27 - 01:38): Okay, that's good. People would love to hear about that. And you're. Okay, you're based at. I mean, how many mile ranges do you travel, though? Like, how far would you be willing to go for a job?
Speaker B (01:38 - 01:43): Typically, realistically, we just stay put in Bergen at Sasaic because there's plenty of work in this area.
Speaker C (01:43 - 02:36): You stay local. Okay. Okay. Well, see, here's actually the reason I called, John. My company, Portland Locals, we specialize in watching traffic of search terms on the Internet. And we do see a significant amount of traffic going on from people searching. And even at this time of the year. Okay. If we talk about Bergen county and the surrounding areas, about 15 mile radius for the past 30 days, I'm actually seeing here a total of over 4,128 searches. People going online looking for somebody who does remodeling and renovation, kitchen, bath. That's a lot of searches, right? Over 4,000. Now imagine this, John somebody out there grabs their smartphones and go to Google and they type in kitchen remodeling company near me. Bathroom renovation, flooring, painting, drywalling. Even if they don't know you, they're going to see your name and your phone number popping up and first space you Googled in front of them. Do you think that'd be beneficial for your business? No.
Speaker B (02:36 - 02:48): I'll tell you why. Actually, I have another business in software development, Web design. The SEO is not an effective marketing campaign for us, so, no, I would not be interested in. But I do appreciate the call. I was waiting.
Speaker C (02:48 - 02:49): Thanks a lot, John.
Speaker B (02:49 - 02:49): Okay.
Speaker C (02:49 - 02:51): Have a good one. Thank you. Bye.
",,,DARWINSANCHEZ24,John Patrick ,,"Bergen, NJ, ","Kitchens, Baths, Painting, remodeling",1,1,0,16289828,1,John Patrick ,"Kitchens, Baths, Painting, remodeling","Bergen, NJ, ",Eastern,Low season,December,Consultative & Validating,Female,Yes,Yes,No,Yes,Yes,Skeptical/Cautious,English,Yes,available,Agent,SKEPTIC (Burned),5,,TRUE,,47.6,52.4,Mutual Dialogue,4,4,0,0,Surface-Level,No,0,2,0:02,Resistant,Robotic & Script-Bound,Agent,79,Yes,Yes,Yes,Yes,"Agent stated ""just a couple questions I'd like to ask"" to see if it's a ""good fit"".",2,0,0,0,0,0,0,0,Yes,3.8,13,1,4,6,0,1,1,0.27,Rare,Agent-Heavy,Somewhat Structured,VII - Closing/Payment Gathering,None,No,Yes,2,3,Professional,Yes,No,Declined,Neutral/Skeptical,Negative/Resistant,N/A,Negative/Resistant,Shift from neutral to resistant/negative after agent's value proposition/pitch.,2 frustrations,0,0,217,V/VI - Value Proposition and ROI,Agent,53,No Commitment Secured,None,No,No,No,No,Disconnect - During Pitch/Value Prop,Not qualified/not interested,TRUE,,TRUE
16293841,2035126687,ELIASPAULOJR,12/22/2025 7:58,XFER,CP105,161,https://archive-sales.411locals.smartcarrier.io/RECORDINGS/2025-12-22/20251222-235801_CP105_ELIASPAULOJR-all.mp3,"Hello? Yes, hello sir. Hi, good morning. Sir, we're looking for a flooring services, you do? Like for hardwood, vinyl tiles, can you do that? Uh, yes, vinyl tiles. Yeah, tiles, sounds great. What is your name? Jefferson. Jefferson, nice to meet you, Jefferson, and I do believe that you are the owner of this business, right? Yeah. Yeah, thank you so much, Jefferson. So, Jefferson, this is Alias and maybe you can help me. And I'm calling you because we are seeing several people there in your local area right now. They're looking for a type of service online and my manager asked me if you can take or you can handle new customers. So, you do provide commercial Jefferson or mainly residential for your service? Everything. Everything. Everything that will be mostly residential or commercial, right? Mhm. All right. And Jefferson, we're talking about your business. Do you have a team to working with or you are what one man show? Man show. I um what I tried to ask is, do you have any employees? Uh, I have four people. Four people. Perfect, perfect. And you are licensed and insured for doing this, right? For sure. Yeah. Mhm. All right. I will take note of that Jefferson. All right? So, yeah, thank you so much Jefferson. And also, uh, do you offer like a free coach or free estimates? Yes, free estimate. Yeah. Free free estimates, okay? Yeah. Yeah. Okay, sounds great, uh, for that one. And also, do you stay in your local area right now or you travel around with your services? Where? Where do you go? I mean I'm sorry, you you covered uh southwestern Connecticut, right? And what cities you covered in that? Whole Connecticut. Okay, I will take note of that Jefferson. So, Jefferson, again, thank you so much and uh I have here my manager will give a call as well. This is Jefferson, owner flooring services and he can handle more customers. Okay. Okay. Hi, how are you today, Jefferson? Good. Thanks. How are you?",,,Ismael Marenco,12/22/2025 8:00,AGENTDIRECT,https://archive-sales.411locals.smartcarrier.io/RECORDINGS/2025-12-22/20251222-080031_CP111_ISMAELMALENCOCORDOVA-all.mp3,P2P,UG142,112,"Uh, I have here my manager, Ismail. This is Jefferson, owner of flooring services, and he can handle more customers. Okay. Hi, how are you today, Jefferson? Good. Thanks. How are you? Oh, that's great to hear, Jefferson, and also thank you for asking. I'm doing great. Thanks to God. Well, Jefferson, let me introduce myself again. As my assistant said, my name is Ismail. I'm manager of my company, that is 411 locals. The reason that I asked my assistant to contact me with you, Jefferson, is because well, I'm looking for a person with a reliable business that does flooring service on the area, because there's a great increase on the demand of customers looking for this. So what I would like to do is to see the way that we can just work together and put you in front of all of this customers. Because, you know, Jefferson, we are on a great city, right? And imagine, if there are hundreds of customers looking for this service that you provide and you can be there for all of them, that will be as much beneficial, right? Mhm. Yeah. Hello? Yeah, I'm here with you. So now, can you please tell me then on this business that you've been running, for how long have you been running this business on your own? Uh, the, you tell me about the the website? I'm saying, for how long have you been running this business on your own? So for how long have you been working on this business that you have for flooring services? You have been kicked from this conference.",,,ISMAELMALENCOCORDOVA,jefferson ,,-,flooring,1,1,0,16293841,13,jefferson ,flooring,-,Eastern,unknown,December,Consultative & Validating,unknown,Yes,UNKNOWN,No,Yes,Yes,Happy/Optimistic,English,Yes,available,Agent,Transactional,5,,TRUE,,37.5,62.5,Agent-Heavy,1,1,0,0,Surface-Level,No,0,0,0:00,Neutral,Confident & Assumptive,Agent,32,Yes,Yes,Yes,No,"Purpose stated, but no time expectation or process outlined.",0,0,0,0,0,0,0,0,No,3.8,10,1,2,2,1,0,1,0.54,Rare,Agent-Heavy,Somewhat Structured,FOMO; ROI Calculation; Assume Sale/Gather Info,No,No,Yes,5,2,Professional,Yes,No,Declined,Neutral,Skeptical,Skeptical,Skeptical,Shift from polite greeting to confusion/misunderstanding after agent's monologue and first discovery question.,0,0,0,112,Discovery Phase,unknown,22,No Commitment Secured,None,No,No,No,No,Disconnect - During Discovery,Technical issue,TRUE,,TRUE
13832245,2083585399,IVYSONGKIP,12/10/2025 10:44,XFER,CP108,162,https://archive-sales.411locals.smartcarrier.io/RECORDINGS/2025-12-10/20251210-104433_CP108_IVYSONGKIP-all.mp3,"Hello, good afternoon.
Good afternoon, sir. Uh, maybe you can help me. We're looking for someone who does electrical repairs and installations.
What kind of installations, sorry?
Uh, for electrical wiring, troubleshooting. You still do that, right?
Yes.
Okay. My name is Kate Hanson, by the way. May I know my speaking with?
Patrick.
Hi, Patrick. Nice to meet you, sir. Happy Wednesday. Thank you very much for taking my call. Be owner, right? I'm speaking with, correct?
Yes, who are you with?
Okay. I'm with 411 Locals, Patrick. We're calling you because we are seeing several people in the area who are looking for electricians online. And my manager asked me to look for someone who can handle customers. Uh, I would like to know if you do electrical works only for residentials or you do commercial job as well?
Commercial as well.
Oh, you do. That's wonderful. So, how long have you been running the business now, sir, doing electrical works?
Three years.
Oh, my dear. That's been quite a while now. Congratulations for that. Well, looking forward for more years, Patrick, for the business. But of course, for three years, um, of course, this is still the best phone number, right? For customers to contact you directly or do you guys have any other lines for them to reach you for your service?
Uh, just this one for now.
Just this phone number. Okay. And, uh, you're open Monday to Friday, correct? Or like you're like seven days a week as well for your service?
For emergencies, seven days a week. Standard is 8 to 5 Monday to Friday.
Mm, okay. That's good to hear. So you're open also during weekends for your customer base. That's very good.
For emergencies.
For emergencies. Yes. I hear you. So, um, anyway, as, uh, just to be clear, Patrick, we're not looking for work. We help customers, connect customers who are already searching for your kind of service. So basically, customers will be the one to contact you directly for the service that you provide. So I have here my manager on the line. Patrick, his name is Oscar. Hi, Oscar. I have here Patrick, the owner who does electrical works, been the business for three years already.
Three years. Okay, excellent. Thank you. Hi, Mr. Patrick. How you doing, sir?
Good, how are you?",,,Oscar Ross,12/10/2025 10:46,AGENTDIRECT,https://archive-sales.411locals.smartcarrier.io/RECORDINGS/2025-12-10/20251210-104659_CP111_MANUELRAMIREZ-all.mp3,DISMX,UG142,123,"Patrick, his name is Oscar. Hi Oscar, I have here Patrick, the owner who does electrical works, been in the business for three years already. Three years. Okay, excellent. Thank you. Hi, Mr. Patrick. How are you doing, sir? Good, how are you? I'm doing excellent. Thank you. Thank you very much for asking. This is Oscar. I'm an IDR at 411 local sir. And we're looking for a reliable company to work with, Mr. Patrick. So we're seeing increase of customers looking for electrician services and we want to know if you can take more customers for your business. Okay. Excellent. So, Mr. Patrick, uh three years working with your own business or three years of experience overall? Three years of my own. By your own. Okay, so you have previous experience then, right? Yes. For how many years? Eight. Eight years of experience. Wow, okay, excellent. So that's a good experience. Perfect. And Mr. Patrick, um, additional to the electrical services, there is any other service that you offer? No. Just electrical, right? Installation, new wires, repairs. Yes. Okay. Excellent. And Patrick, uh, you do residential and commercial services or you focus more on residential, Mr. Patrick? Both. Both residential and commercial services. And you the owner of Vasco Electric LLC, right? Mhm. Perfect. Okay. And Mr. Patrick, uh where where you located in Idaho? How far you can go to give those services if you find a good project, you may travel with Um, can can we set up a different time to talk? I'm working currently. We only need a couple of minutes, Mr. Patrick, just to show you this proposal. Do you have that time? No. That's why I was wondering if you could call me back later. Okay.",,,MANUELRAMIREZ,Patrick -owner ,Vasco Electric LLC,"Shoshone, ID, 83352","electrcian , repairs and installation",2,2,0,13832245,38,Patrick -owner ,"electrcian , repairs and installation","Shoshone, ID, 83352",Mountain,High season,December,Consultative & Validating,Female,Yes,UNKNOWN,No,No,Yes,Not Happy/Optimistic,English,Yes,available,Customer,,5,,TRUE,,50,50,Mutual Dialogue,6,6,0,0,Surface-Level,No,0,2,0:02,Resistant,Consultative & Validating,Agent,26,Yes,Yes,No,No,Not Found in Transcript,2,0,1,0,0,3,0,3,No,3,6,1,6,3,1,0,0,0,None,Mutual,Unstructured,"IV, V, VI, VII",None,No,Yes,4,3,Professional,Yes,No,Declined,Neutral,Negative,N/A,Negative,"Customer sentiment shifted from neutral to resistant at 01:54 when the agent asked about location and travel, leading to a request to reschedule.",1 frustration,0,0,123,Discovery Phase,Customer,87,No Commitment Secured,None,No,No,No,No,Disconnect - During Discovery,Timeline concerns,TRUE,,TRUE
14284180,2082088729,ADELALUCAS,12/17/2025 11:55,XFER,CP105,159,https://archive-sales.411locals.smartcarrier.io/RECORDINGS/2025-12-17/20251218-035456_CP105_ADELALUCAS-all.mp3,"Hello, Derek Tracks.
Hello. Hi, maybe you can help me.
Hello.
Do you still do the debris cleanup services in Spokane?
Do I still do what?
Yeah, uh, the debris cleanup?
Yeah, the debris cleanup?
Yes.
Yes. Yes.
Oh, yeah, this is Adele, by the way.
Am I speaking with the owner of the business, right?
Yes, you are.
Okay, and your name is?
Jerry.
Hi, Jerry.
This is Adele.
I'm calling you because we're seeing a search people in Spokane, searching online for debris cleanup service.
My monitor asked me to reach out to a few local business that can actually take on more customer.
By the way, are you still available to work on a weekends or is it only Mondays to Friday?
Uh, Monday through Saturday.
Monday through Saturday, that is good.
And you're available for residential, right?
Or can you take commercial too?
Uh, whatever.
Okay, sounds good.
Yeah, wonderful.
And by the way, um, just to be clear, we're not looking for work.
We help connect customers who are already searching for your kind of service.
It's about reviewing a few local businesses for potential placement in front of a real customer searches.
And my manager just confirm which one fits the criteria.
And you're able to handle new customer, right, for debris cleanup in Spokane?
Yes.
Okay.
By the way, Jerry, how long have you been in the business?
Uh, I've been in excavation business for 20 years.
Oh, 20 years of excavation and demolition?
Is that right?
Mhm.
Okay, sounds good.
And do you have some workers or do you work alone for the service?
Yeah.
I just uh work by myself.
Oh, just by yourself.
Okay, that's fine.
Anyway, my manager, Jerry, um, Cora, she's on the other line and she will take the call if you don't mind, okay?
Yes.
Sure.
Yeah, Cora, I have here Jerry, the owner, can handle new customer for debris cleanup service, available for both residential and commercial, 20 years in the business, working by himself.
Uh, sure, thank you.
Hi, Jerry, how are you doing today?
I'm doing well.
Perfect.
Jerry, this is Cora Johnson.",,,Cora Johnson,12/17/2025 11:56,IG114,https://archive-sales.411locals.smartcarrier.io/RECORDINGS/2025-12-17/20251217-115706_CP111_JOHNMENARDESCOTE25-all.mp3,NI,UG142,276,"Speaker A (00:01 - 00:09): Oh, just by yourself? Okay, that's fine. Anyway, my manager, Jerry, Cora, she's on the other line and she will take the call if you don't mind.
Speaker B (00:09 - 00:10): Okay, sure.
Speaker A (00:10 - 00:24): Yeah. Cora, I have here Jerry, the owner can handle new customer for debris cleanup service available for both residential and commercial. Twenty years in the business working by himself. Sure. Thank you. Hi, Jerry. How are you doing today?
Speaker B (00:25 - 00:26): Doing well.
Speaker A (00:26 - 00:50): Perfect. Jerry, this is Cora Johnson. I did ask my assistant to call you because currently we're seeing several people in your local area looking for your type of service. And we're actually looking for a reputable business that we can actually partner up with to drive in more jobs. So I just wanted to ask you a few questions and that way we could see if this might be a good fit. Would that be okay?
Speaker B (00:50 - 00:50): Sure.
Speaker A (00:50 - 00:59): Thank you. Derek, can you tell me more about the business? Like how long have you been running the business now? And what services do you mainly provide to your customers?
Speaker B (01:00 - 01:17): I mean, we do clean out, we do excavating, we do backfilling, we do sand, gravel, rock placement, we haul out debris cleanup, all of that sort of work. Land leveling. Are you still there?
Speaker A (01:17 - 01:23): Yes. And by any chances though, Jerry, are you doing residential or you're also doing commercial jobs?
Speaker B (01:23 - 01:24): Both.
Speaker A (01:24 - 01:29): I see. And so far, so good. Like how far are you willing to travel for jobs? Like how many mile wages are we talking about?
Speaker B (01:30 - 01:39): Depending on the. I mean, if it's a sizable job that warrants us going, I mean, I'll go out 75, 80 miles.
Speaker A (01:40 - 01:45): I see, I see. So pretty much it really depends how big the job is. Right. Your job, where the money is.
Speaker B (01:45 - 01:47): Right. Okay, perfect.
Speaker A (01:48 - 01:54): And your business, when you do get new customers, what type of jobs you really want more of right now?
Speaker B (01:54 - 02:24): Well, right now we have. We have major flooding in our area. We have downed trees, we do chainsaw work and, you know, clean off to clean out all of the flood damage that we are experiencing. In fact, today we're having gust up to 70 miles an hour of winds. So we have trees that are being blown down and all of that kind of stuff. So that's the kind of stuff that we do. We can limb all those trees up. We can come in and load them up, haul them out.
Speaker A (02:25 - 02:37): I see. Well, I'm really sorry to hear that. If you suffer from that strong leaks and everything and flooding. But pretty much the main services you mainly focus on is hauling services, correct? Here in Klosville, Yes.
Speaker B (02:37 - 02:37): Yep.
Speaker A (02:37 - 03:12): Right. Thank you. Right. Well, pretty much the reason why we did call you is because our company specializes in monitoring the online traffic search of people who are currently searching and looking for services right now. And in fact, in the past 30 days alone, we're talking about hauling out of those 37,000 population, there is already a total of 832 total monthly search in your local area. So if I could put your business in front of these interested people, searching and looking for service that would be beneficial for your business. Right, right.
Speaker B (03:12 - 03:19): So I can see where this is headed. So you're wanting to charge me a fee to do to do some kind of service for me. Correct.
Speaker A (03:19 - 03:25): Right. Well, what we mainly do is we provide maximum visibility online so that at any cost.
Speaker B (03:25 - 03:29): Right. But you're still wanting to charge me a fee to do that?
Speaker A (03:29 - 03:31): Yes, that is correct.
Speaker B (03:31 - 03:33): Okay, I'm not interested, but thank you for the call.
",,,MARIAIRENECABIGON,Jerry ,,-,HAULING & SKID STEER SERVICE (,2,2,0,14284180,34,Jerry ,HAULING & SKID STEER SERVICE (,-,Pacific,Low season,December,Consultative & Validating,Female,Yes,YES,No,YES,Yes,Happy/Optimistic,English,Yes,available,Agent,Novice,4,"Start-of-Call Latency, Intelligibility",TRUE,,50,50,Mutual Dialogue,5,5,0,0,Moderate Depth,No,1,2,1:02,Resistant,Confident & Assumptive,Agent,6,Yes,Yes,Yes,Yes,Agent stated she would ask a few questions to see if it might be a good fit.,3,0,1,0,3,0,0,3,No,3,6,1,8,3,1,0,0,0,None,Mutual,Somewhat Structured,IV. Highlight Competitor Success Using FOMO; VI. Utilize ROI Calculation; VII. Assume the Sale and Begin Gathering Information,None,No,Yes,3,3,Professional,Yes,No,Declined,Neutral,Skeptical,N/A,Negative,Shift from neutral/informative to skeptical/resistant at 03:12 when the customer anticipates a fee.,2 frustrations,1,50,276,V/VI - Value Proposition and ROI,Customer,56,No Commitment Secured,None,No,No,No,No,Disconnect - During Pitch/Value Prop,Not qualified/not interested,TRUE,,TRUE
16089430,2064827525,WILYNEGAJETE,12/5/2025 14:36,XFER,CP105,214,https://archive-sales.411locals.smartcarrier.io/RECORDINGS/2025-12-05/20251206-063611_CP105_WILYNEGAJETE-all.mp3,"Speaker A (00:04 - 00:05): Hello.
Speaker B (00:05 - 00:08): Hi. Good afternoon. Are you still doing handyman services?
Speaker A (00:08 - 00:09): I'm sorry?
Speaker B (00:09 - 00:11): Do you still provide handyman service?
Speaker A (00:12 - 00:12): I do.
Speaker B (00:12 - 00:32): Oh, perfect. Sir, maybe you can help me. I'm actually calling because we're seeing several people in a local area looking for handyman service, and the manager asked me to look for someone who can still handle new customers. My name is Brittany. Sir, would you have a pleasure of speaking with Nate? Nate. Hi. You must be the proud owner of the business.
Speaker A (00:33 - 00:33): Yeah.
Speaker B (00:33 - 00:41): Pleasure to speak with you, Siri. I would like to ask, sir, if you guys do travel for business or it's mainly a local service?
Speaker A (00:43 - 00:56): Well, right now it's just a local service. I just started marketing myself a few months ago and taking on jobs and stuff. But it really just depends. I mean, I'm open to opportunities.
Speaker B (00:57 - 01:00): That's very good. So is it a new business?
Speaker A (01:00 - 01:14): Yeah, I'm not even licensed yet. I'm working on getting licensed this month. Licensures and all of that. I have a business license for my real estate investing business, but I need to get a contractor's license.
Speaker B (01:16 - 01:34): So you are not yet a licensed contractor for handyman work. Right, Right. That's good. Not a problem with that. So I thought you have mentioned this is a new business or how long have you been running in this business so far?
Speaker A (01:35 - 01:37): About three months or so.
Speaker B (01:37 - 01:43): Oh, wow. So this is a pretty new company, right?
Speaker A (01:44 - 01:44): Right.
Speaker B (01:44 - 01:49): But you're working before from a different company or this is the first business that you have?
Speaker A (01:50 - 01:51): Yeah, I was working for a different company.
Speaker B (01:53 - 02:03): Okay, so you got a lot of experience working from a different company, doing handyman job, and then you just have to open a new business, right?
Speaker A (02:03 - 02:11): Something like that, yeah. I mean, I was working with building management Systems before for 12 years before opening up my own handyman work.
Speaker B (02:13 - 02:28): While that speaks for the quality service that is the provider. So as what you mentioned, as of the moment, you are doing local services only. But of course you're willing to travel in the future. As long as the pace is good, right?
Speaker A (02:28 - 02:33): It depends, you know, it depends on what's out there and.
Speaker A (02:34 - 02:35): What the opportunity is.
Speaker B (02:36 - 02:49): Okay, that's very nice. Well, Mace, you know what I got here? My manager, the one asked me to give you a call. His name is Ismael. Ismael. I have heard, Nate. He's the owner of the business for three months and can still handle his customers.
Speaker A (02:49 - 02:50): Okay.
Speaker B (02:50 - 02:51): How you doing today?
Speaker A (02:51 - 02:54): Good. I'm just wondering what you guys are calling.
",,,Ismael Marenco,12/5/2025 14:37,IG114,https://archive-sales.411locals.smartcarrier.io/RECORDINGS/2025-12-05/20251205-143916_CP111_ISMAELMALENCOCORDOVA-all.mp3,NI,UG142,873,"Speaker A (00:00 - 00:02): As long as the pace is good, right?
Speaker B (00:02 - 00:09): It depends, you know, it depends on what's out there and what the opportunity is.
Speaker A (00:10 - 00:23): Okay, that's really nice. Well, Nate, you know what? Exactly. My manager, the one who asked me to give you a call, his name is Ismael. Ismael. I have here Nate. He's the owner of the business for three months and can still handle new customers.
Speaker C (00:23 - 00:25): Okay. Who are you today?
Speaker B (00:25 - 00:29): Good. I'm just wondering what you guys are calling about.
Speaker C (00:29 - 01:08): Okay, no worries, Nate. Also, that's the reason that I'm with you. So let me introduce myself again, and I'm glad to know that you are doing good. So my name is Ismael. I'm managing my company that is 411 local. The reason that I asked my assistant. He can take me with you, Nate, is because, well, I'm looking for a person with a reliable business that does hand demand service on this area because, well, there's a great increase in the demand of customers that are looking for this. So what I would like to do is to see the way that we can just work together and put you in front of all of these customers that are looking for this service. And imagine if we have more than a thousand customers looking for this month by month, and you can be there for all of these people, that will be as much beneficial, right?
Speaker B (01:08 - 01:16): Yeah. I mean, I'm not really looking to spend a whole lot. Spend any money on this right at the moment. I just started doing inside work recently.
Speaker C (01:16 - 01:25): And what's the reason that you are and thinking that, hey, you only spend money on this or that you are not able to make it?
Speaker B (01:26 - 01:38): Well, I mean, I would assume that you guys. It sounds like you guys are like a marketing company or you want to put, you know, want me to probably spend money on the website or marketing and all that kind of stuff to get in front of customers is what it kind of sounds like.
Speaker C (01:38 - 01:41): But you're not looking to get more customers in now?
Speaker B (01:41 - 01:58): I mean, I'm getting customers right now, and I have a few customers that are keeping me going, but I'm not looking for services right now. I don't. You know, right now I'm just trying to keep my head about water. So I can't really, you know, put money into a website and, you know, marketing and all of that.
Speaker C (01:58 - 02:07): So if I can tell you on this way, right, Nate, that the only thing that I'm about to ask you is $49.99, that would be too much for you.
Speaker B (02:07 - 02:11): Well, I mean, it really just depends on what you guys are offering, I.
Speaker C (02:11 - 02:17): Guess, yeah, if you let me tell you, maybe you can see that this will be of course create a thing for you. Okay.
Speaker B (02:17 - 02:18): If you.
Speaker C (02:18 - 04:21): So let me tell them this way, then what we would like to do is to see the way that this will be on the best way and benefits for your business so that you don't need to do also any additional work than the service that you're. And then we will be in charge of the presence, the optimization, the maximum exposure and everything for your business on the way that you will be only in charge of picking up your phone, making the jobs, getting the payment from the customers and doing the things that I know that you can do the best that is to bring your customers a quality service and to make your customers happy. I know that this is something that, that you can easily do right now. So then on this way we will not ask you anytime. We never ask you for commissions percentage any month per lead, pre job, for projects or first call. Because we want you to get as much jobs as possible. That of course help you to succeed and grow. Because well, if you are growing, we will grow directly with you on a long term relationship. Because on that way, as I told you, we are a performance based company. And then we want to show you where everything that you are getting, what we are creating and the benefits that this is giving you so that you can be happy with the service with us. And of course we can be working as much time as we. Right. And then on that way, so that you are making the money that you are looking for, that you can have your business in the way that you want it, with the customers that you are looking for and of course with the income that you are looking to get. And then in that way that this will be always based on the facts and the numbers. Let me tell you, our service is a postpaid service. That means that you will be only paying for the service rendered to you, but on the month before. So for an example, reactivate the service today, your first monthly payment, it will be until January 10th. So that will be the first time that I will be asking you for a monthly payment on that service day. And then of course we will be working together with you to show you the progress and that you will be looking at directly by yourself. So of course that you can be happy with the service and we can as long as possible. Now looking for the service now that you do. The handyman, tell me about the services that you provide. What are the ones that you think that Are like the ones that you do the most? I don't know, painting, flooring, bathrooms, kitchen remodeling, tile roofing. What are the ones that you do the most guys?
Speaker B (04:21 - 04:43): I do really a little bit of everything. I mean mostly I've been working with rent and I don't have a lot of time on the phone here, but I work with like rent ready properties. So I did some painting today. Doorknobs, blinds, a couple of things of that nature. And then there's other times where I'm doing like.
Speaker B (04:45 - 04:59): Working on houses that have like a punch list of items need to be done in order for somebody to sell their property. So it could be toilet, you know, getting toilets working or something of that nature. And most of it's pretty small. Small stuff.
Speaker C (04:59 - 04:59): Yeah.
Speaker B (05:00 - 05:02): Yard cleanup and other things of that nature.
Speaker C (05:02 - 05:20): Oh, okay, okay, okay. So is it modeling like everything that goes like remodeling or fixing issues on the house so then maybe like for property manager, they are going to rent it or sell it so that you can leave the place on the best conditions so that they can make it right? Yeah.
Speaker B (05:21 - 05:25): Fixing items in the house that typically need to get done.
Speaker C (05:26 - 05:40): Yeah. You know, sometimes when they rent it and maybe the door is a little bit low or you need to put it on the right place so that for the things and everything. Yeah, I understand. Or some, maybe the walls not made it a little bit of kind of thing and then you make.
Speaker B (05:42 - 05:44): Holes in walls and other things like that.
Speaker C (05:44 - 06:09): Yeah, sometimes, you know, people exchanging the nailing with the mirrors or something. So you need to just fix that on the walls. Huh? Okay, that's good. And then on this way, so for the service that you've been doing this time, the way that you manage that, customers will be able to find you or prospects will be able to get to you, how you do it by the recommendations, the word smile, your business card, your flyers, your website, how good they are that way.
Speaker B (06:09 - 06:27): I'm just on Craigslist right now. A lot of inseminity customers, so I'll get new clients. And a lot of it tends to end up being, you know, some of it's commercial and some of it's like maintenance companies. And then they'll call me and whenever I end up doing work for them, they always call me back because I do a good job.
Speaker C (06:27 - 06:36): Oh, okay. Okay. But mostly then the one that you think that works the best for you is the word mouth recommendations or what one is the one that you think that is.
Speaker B (06:38 - 06:54): It's probably just repeat a lot of the Clients that I end up getting on Craigslist are people that have more than a single job. They'll have multiple jobs over a period of time. They're like maintenance, and they'll just continue to do maintenance contracts with people and then they'll call me to do the work.
Speaker C (06:55 - 08:02): Okay? Okay. Okay. Yeah. Okay. Now let me tell you then on this way, so what we will be doing on this is that you will be having a constant flow of work and of course, a job and then on this way, so that they will tell you to succeed and grow. And then for sure, as I mentioned, that we will make it on the best way. And it's just for you that for less than what a single job can bring, you will be on that way for the service. So that it will be working on the best way possible for you. Because just for an example, as we said, maybe I bring you some clients that I want you to do a painting job on two bedrooms on their house. So there will be 12x12. The good thing about this is, as you said, not that there are no furniture in there. And also there are not so much things to do about the walls, just the painting. And it will ask you just to paint the walls. We are not going to do nothing about the ceiling, just the walls, and both rooms will be on the same color. If I can drive you. Sorry, if I can drive you 10 or 15 customers, like on that kind of service, of course, on your local area, how many of that jobs do you think that you can be able to perform on two weeks? For example? It can drive you 10 or 15. How many of them you can be able to do?
Speaker B (08:04 - 08:07): Probably 10 or so.
Speaker C (08:07 - 08:27): Maybe 10. Yeah. Okay. And then you won't let me lie because I've been working before on that. So a service like the one that we said, depending on the quality of the paint, it can be going from 1,000 to $1,200. So if you can be able to do 10 on two weeks so that it would be $10,000, that it would be very beneficial for your business. Right?
Speaker B (08:27 - 08:27): Sure.
Speaker C (08:27 - 09:21): And then. So in two weeks you are doing that. If we go to the month, it will be 20 so that it will be double of this amount. Right. So Anuja, do you think I can tell you right there so that on this service, the way that we want to do it is that this will be with the constant flow of customers and jobs and the income that you're getting, of course, that we want this to be paying directly by yourself because, well, just to Let you know on that rate directly. So for the area that you are, the monthly rate that we have on the service, that it will be working for your business. So on the way that this is of the best benefit for you. But if I can tell you that we are having a rate that is worth $243.99 a month. But imagine from the first job that you've been doing, you have more than covered the full month of service with me. And also from the first job you have gaining like 75%. And then all the other jobs that you've been doing on the month, it will be completely gaining for you. Right.
Speaker B (09:23 - 09:29): How are you getting customers though? Do you guys get customers and then you outsource them to me or how does that work?
Speaker C (09:30 - 10:09): No, also it's better than that, completely better. So the customer will be calling you directly and then they will tell you the service, they will give you the address for sure and on that way they will let you know when you can go to check the place. So then you will go, you will give them the estimate. And then because these people have the need, they want the service, they have a budget and the thing that they're looking is for someone that is a trustworthy person that brings the quality service the only thing that they're wearing so that you can tell them how much you will be charging and when you can do the job. So then you will be in charge of setting the appointment with the customers, of giving the price, depending on the service conditions and then getting the payment directly.
Speaker B (10:09 - 10:13): And then I guess my question is how are you driving traffic?
Speaker C (10:16 - 11:16): All the strategic and great places on the way that when all of these customers are looking for the services that you provide, the option that they always find for services and your business. Just to let you know, I will mention you one of the things that we do. We are going to put you on more than 50 online directives like mentioned, Craiglist Yellow Pages, Prepages, Jelp, Bing, Manta, Yahoo and too much more. Because right now we have like 70 online directives. We are going to put you on the Google my business the listing, the organic listing on the first placement directly on Google and with my equipment of the seven professionals over there, it they will be looking on your area and on your market to send this drive these customers directly only to you and to your views. And then on this way that you know if you are on all the native places for these areas to be. So we have in this way more than 2,500 customers looking one by one for this service so that you can do as much as possible. That will be for you guys. And then on this way it will be.
Speaker B (11:17 - 11:28): Yeah, I'm currently not interested right now. I'm surprised. I'm working on a few things that I'm not going to really be able to do a lot of work. Right now.
Speaker C (11:30 - 11:38): You are booked up. So what's that? For how much time you are like, booked up that you are not able to do? For how much time?
Speaker B (11:38 - 11:41): How often am I booked up where I'm not able to do jobs?
Speaker B (11:44 - 12:14): It's not about that. It's actually about me working on my house so I can sell it. I just have a mountain of things to do that I need to get done in order to sell my house so I can close on it. And that's taking up a lot of my time. And then I have to decide whether or not I want to continue to pursue doing handyman work as more than just a side business. If I do, then I want to get licenses on it before I start really pushing my name out there.
Speaker C (12:14 - 12:16): Right now they don't even have insurance.
Speaker B (12:16 - 12:17): They don't have anything.
Speaker C (12:17 - 12:30): Right. And also the insurance or the license, it will be needed with money. Right. You need to pay to have it. And the thing that will give you the money to make it, it will be if you are doing some jobs. Right, Understood.
Speaker B (12:30 - 12:42): And I'm getting jobs. You know, it's not like I don't have work. I've got. I'm booked out about a few weeks right now between jobs that I currently already have in the books and then the work that I need to be.
Speaker C (12:42 - 12:52): Doing on my own. Okay, so then you're not able to get more customers. That's what you're saying. In the beginning you tell me that you're looking for customers, but now you say that you're just. No.
Speaker B (12:53 - 12:54): At some point.
",,,ISMAELMALENCOCORDOVA,Nate ,,"King County, WA, , ",Home Services & Handyman Work,1,1,0,16089430,25,Nate ,Home Services & Handyman Work,"King County, WA, , ",Pacific,Low season,December,Consultative & Validating,Female,Yes,Yes,No,Yes,Yes,Skeptical/Cautious,English,No,available,Customer,NOVICE,4.4,Intelligibility,TRUE,,54.54,45.45,Mutual Dialogue,3,2,1,0,Surface-Level,No,1,6,1:06,Resistant,Confident & Assumptive,Customer,15,Yes,Yes,Yes,Yes,"Purpose stated, but no time expectation or process outlined.",6,0,1,0,0,3,0,3,Yes,5.4,25,7,6,7,2,5,5,0.34,Occasional,Agent-Heavy,Somewhat Structured,IV (Highlight Competitor Success Using FOMO); VII (Assume the Sale and Begin Gathering Information),Agent presented price very early (01:58) before full discovery. Value proposition (02:18) presented before most discovery questions.,Yes,Yes,3,3,Professional,Yes,No,Declined,Negative/Skeptical,Neutral,Fluctuated,Negative/Skeptical,"Customer's sentiment shifted from neutral to slightly engaged (asking clarifying questions about process) after ROI calculation, then sharply declined to 'not interested' after agent's explanation of traffic driving.",5 frustrations,0,0,873,Discovery Phase,Customer,97,No Commitment Secured,None,No,No,No,No,Soft Decline,"Not qualified/not interested (due to personal projects, future licensing plans, and current booking)",TRUE,,TRUE
16316647,2083989023,ELIASPAULOJR,12/23/2025 11:24,XFER,IG103,219,https://archive-sales.411locals.smartcarrier.io/RECORDINGS/2025-12-23/20251223-112436_CP105_ELIASPAULOJR-all.mp3,"Hello? Hello? Hi sir, good afternoon. Uh maybe you can help me. Is this a construction or remodeling? What's that? You do construction or remodeling? Uh, yeah, we do. You do. And I'm talking to the owner, right? You are? Uh, I'm the son of the owner. Um, he's one of the Yeah. Uh is around. Can we talk? Um, he's actually going on a trip um this afternoon. Yeah, he's going to Peru, but um anything that you may have questions, you can ask me. Um, I'm one of the managers of it, so. Trip? Okay. All right. Great, great, great. So what do we uh since you're a son's owner, are you able to decide for you know what? Right now, right now, so right now some decision for this guy uh for your business? Yeah. You do? You do for right. Yeah. Uh what is your what is your name? So we can address you properly, would you mind? Uh, Nelson. Nelson. Is that right? Nelson, yeah. Nelson. All right. How do you spell it, by the way? Sorry. N I L T O N. L T O N, all right? Yeah. All right, Nelson. So, by the way, uh that was my manager who tried to contact you earlier. So, just to be clear, open for remodeling like from A to Z, right? So I mean, um Kitchen and bathroom, right? Painting drywall. You do, right? Uh-huh. Yeah, we I mean, we kind of do everything. Everything. As the like from like roof to, you know, building the houses and everything. Pretty much. Uh-huh. Okay. Yeah. Pretty much up. Okay, I will take note of that. So, by the way, uh Nelson, this is Alias and maybe you can help me. And I'm calling you because we are seeing seeing several people there in your local area right now looking for type of services online. And my manager asked me if you can take or you can handle new customers for this one, okay? So now, um, yeah, just to be clear Nelson, we are not looking for work, okay? So we help connect customers who are already searching for your kind of services. Does that make sense, right? So now, how long have how long have you been running this business, Nelson? For how many years? All right. Uh just a little bit over eight years. Eight years. And you are licensed and insured, right? For sure. Correct. All right. And in what part of Idaho you covered? What cities? What's that? Uh what cities you covered in Idaho? Uh just Sun Valley, Haley, and uh Bellevue. And I will leave you travel for work, right? Not in your local area mainly. Yeah, we're only we only do locals. Only local. And how many miles radius in your local area you travel? Would you mind me ask? Um, I think the furthest we go is like 45 miles. 45 miles. Okay, I will take note of that. You know, Nelson, thanks so much for your time, information with your business. However, I'll give you my manager a quick call. This is Nelson, son's owner. He can decide for marketing and financial decision and as well he can handle more customers doing remodeling. Uh sure, thank you. Hi Nelson, how are you doing today? Uh, I'm doing great. How are you?",,,Cora Johnson,12/23/2025 11:27,AGENTDIRECT,https://archive-sales.411locals.smartcarrier.io/RECORDINGS/2025-12-23/20251223-112750_CP111_JOHNMENARDESCOTE25-all.mp3,HU,UG142,99,"Okay, I will think of that. You know, Nelson, thank you so much for your time and information with your business. However, I have here my manager give my car, this is Nelson, Science owner. He can decide for marketing and financial decision and as well, he can handle more customers doing remodeling. I sure, thank you. Hi Nelson, how are you doing today? Uh, I'm doing great. How are you? I'm doing fantastic. Well, advance Merry Christmas and happy New Year to you. I appreciate it. I appreciate it. Good. You're welcome, sir. Well, sorry, my name is Cora Johnson. What's your name again? Nelson or Nelson? Nelson. Nelson? Yes. I see. Well, Milton, uh, thank you so much for picking up my phone call today. Again, this is Cora Johnson. I'm one of the area managers here in 411 locals. I did ask my assistant to call you because we're currently seeing several people in the local area who are currently searching and looking for your services. And that is the reason why we tried to get a hold of you to see if you're still open for new customer. Um, all right? Um, currently right now, we're not, just because our schedule's pretty packed for like the whole next year as well. Um, but we can definitely keep you guys in mind and hopefully, um, be able to do um, some type of work for you guys or like, you know, some type, some type of a partnership, partnership. Okay, then, not a problem. Thank you so much for your time. You have yourself a good day. Bye-bye. You as well. Bye.",,,JOHNMENARDESCOTE25,Milton ,,-,remodeler,1,1,0,16316647,39,Milton ,remodeler,-,Mountain,Low season,December,Consultative & Validating,Male,Yes,UNKNOWN,No,Yes,Yes,Happy/Optimistic,English,Yes,available,Agent,Transactional,4,"Start-of-Call Latency, Intelligibility",TRUE,,41.67,58.33,Mutual Dialogue,0,0,0,0,Surface-Level,No,0,1,0:01,Resistant,Confident & Assumptive,Agent,52,Yes,Yes,Yes,No,No structure was communicated to the customer.,1,0,0,0,0,0,0,0,No,3.57,6,2,2,3,2,0,0,0,None,Agent-Heavy,Unstructured,Discovery; FOMO; Value Proposition; ROI; Closing,None,No,Yes,5,3,Professional,Yes,No,Declined,Neutral,N/A,N/A,Resistant,Customer sentiment shifted from polite to resistant immediately after the agent stated the reason for the call and asked about availability.,1 frustration,0,0,99,II - Clear and Personalized Reason for the Call,Agent,15,No Commitment Secured,None,No,No,No,No,Early Disconnect - Before Discovery,Not qualified/not interested,TRUE,,TRUE
13837491,2083126446,JERECHOCALOPE,12/9/2025 15:37,XFER,CP108,91,https://archive-sales.411locals.smartcarrier.io/RECORDINGS/2025-12-09/20251209-153702_CP108_JERECHOCALOPE-all.mp3,"Hello? Hello. Hi, Rob's Home Repair? Yeah. Yes, maybe you can help me. My name is Josh. I'm calling because we're seeing several people in your local area looking for your type of service online. My manager asked me to look for someone who can take customers. Are you the owner, right? Yeah. Yeah, um, you do free estimates, sir? Yeah, I do. Let's Yeah. Sorry, my name is Josh. Who am I speaking with? Robert. Hey Robert. Uh, you're licensed, right? Licensed and insured? Yes, I am. Okay. Uh, Robert, how long how far do you travel for work? 100 miles. Sorry? 100 miles. 100 miles? Okay. And how long have you been in business, sir, man? Uh, 10 years. 10 years in business. Okay, that's great, awesome. And one more thing, sir, you do only residential, right? Or commercial also? I I do both. Okay, that's great. Awesome. Uh, Mr. Robert, actually, uh, I am from a manager who asked me to give you a call. Art for Robert, the owner of Rob's Home Repair, licensed and insured, 10 years in business. Yes. Okay, perfect. Thank you. Uh, hello, Robert. Uh, how are you doing today? Good, how are you? Uh, doing great. Thank you so much, sir.",,,Art Estrada,12/9/2025 15:38,AGENTDIRECT,https://archive-sales.411locals.smartcarrier.io/RECORDINGS/2025-12-09/20251209-153813_CP111_ARTURODELEON-all.mp3,NI,UG142,84,"Okay. Um I have a manager who asked me to give you a call. Art, ever Robert, the owner of Ross Home Repair. Licensed and insured, 10 years in business. Yes. Okay, perfect, thank you. Uh hello, Robert. Uh how are you doing today? Good, how are you? Uh doing great. Thank you so much for asking. Look, so we don't take too much of your time or mine. Let me go and introduce myself real quickly. My name is Art and I'm the area manager for 411 locals. And the reason why we're calling you today, Robert, is because we're looking for reliable business around your area to work with. Uh just want to ask you a few questions here. That way, uh we can find out, right, to see if this would be a good fit for both of our companies. So, according to my assistant, right, you're in the industry here for uh handyman services. Is that correct? For what now? Handyman services. Is that correct? Yeah. Yeah, okay, okay. Awesome, perfect. And you have been running your company for about 10 years. Is that is that correct? Yeah, roughly, for more than 10. Wow, wow, wow, wow. So you have uh amazing amount of experience. Congratulations on that, Robert. Now, uh throughout those 10 years, uh Rob, uh how do you get new clients here for your company? Yeah, I know. You have been kicked from this conference.",,,ARTURODELEON,Robert ,Robs Home Repairs,"Heyburn, ID, 83336",Handyman Services,1,1,0,13837491,37,Robert ,Handyman Services,"Heyburn, ID, 83336",Mountain,Low season,December,Consultative & Validating,Male,Yes,UNKNOWN,No,No,No - agent did not ask for transfer consent,Not Angry/Frustrated,English,Yes,available,Agent,NOVICE,3.6,"Start-of-Call Latency, Intelligibility",TRUE,,44.44,55.56,Mutual Dialogue,2,1,1,0,Surface-Level,Yes,0,0,0:00,Neutral,Consultative & Validating,Agent,25,Yes,Yes,Yes,Yes,"Agent set time expectation ('so we don't take too much of your time or mine'), stated purpose ('looking for reliable business around your area to work with'), and outlined process ('ask you a few questions here. That way, uh we can find out, right, to see if this would be a good fit for both of our companies').",0,0,0,0,0,0,0,0,No,5,9,2,1,2,2,0,0,0,None,Mutual,Somewhat Structured,"IV, V, VI, VII",None,No,Yes,3,3,Professional,Yes,No,Stable,Neutral,Not Found in Transcript,Not Found in Transcript,Not Found in Transcript,None,0,0,0,84,Discovery Phase,Unknown - Technical/System,24,No Commitment Secured,None,No,No,No,No,Disconnect - During Discovery,Technical issue / Unclear,TRUE,,TRUE
16331189,2078440764,MARKCASEYALEGADO25,12/26/2025 8:54,XFER,CP108,158,https://archive-sales.411locals.smartcarrier.io/RECORDINGS/2025-12-26/20251227-005426_CP108_MARKCASEYALEGADO25-all.mp3,"Hello.
Hello?
Uh, yes, sir. This is Mark.
Yeah, can you hear me?
Uh, you do pressure wash, right?
Yes, I do.
Okay, how about for junk removal? Or maybe if there's any helping?
Um, it it depends, uh, what What's the uh kind of area you're looking to get removed?
Yeah, so uh, this is the owner, right, for KAB Services?
Correct, yep.
Okay. Uh, your name is? My name is Mark, by the way.
Uh, my name is Kensley. Uh, K E N S L E Y.
Okay, hold on a second, Kensley. So, um, calling here, Sir Kensley, because uh, we are seeing several people in your local area who are looking for a junk removal service online.
My manager asked me to look for someone who are open for new customer.
Uh, especially that you do residential here, correct?
Correct.
I mean, okay, for residential. So, yeah, since you do have quality work as well, that's why my manager asked me to give you a call.
So, you've been running this like for more than a year, sir, for the business? Or it's a new business?
How long? Um, it's been about two and a half years.
Mhm.
Oh, I see. Two and a half years. And also you're still open for new customer, right?
Correct.
Okay. Wonderful. Because uh, the good thing is, Sir Kensley, since my manager who asked me to give you a call, uh, just to be clear, Sir Kensley, we're not looking for work.
So, we help uh, connect customers who are already already searching for your type of service, okay?
That's why my manager is on the other line. Yeah, so he will gonna take the call if you don't mind. All right? And uh, what company are you with?
Oh, sure. I'm with 411 Local, sir.
Okay.
That's the name of my company. And and sorry, what was your name?
Oh, my name is Mark, Mark Adams. All right. And I have my manager on that, sir.
Yes. Hi, Benjamin. Have you Mr. Kensley, the owner? He's been doing the business for two years for junk removal, and he's open for new customer.
All right, thank you.
Hey, Kensley. Thanks for taking my call. How you doing today?
Hey, how's it going?",,,Benjamin Franklin,12/26/2025 8:56,IG114,https://archive-sales.411locals.smartcarrier.io/RECORDINGS/2025-12-26/20251226-085644_CP111_ERNESTOALFAROCORONA-all.mp3,HU,UG142,215,"Speaker A (00:01 - 00:13): Sorry, what was your name? Oh, my name is Mark, Mark Adams and I have the manager now. Sir. Yes. Hi. Benjamin Ivar, Mr. Kentley, the owner. He's been doing the business for two years for junk removal and he's helping for new cost.
Speaker B (00:13 - 00:19): All right, thank you. Hey, Kent. Oh, how you doing today? How was the weekend there? How was your week there? How you been, sir?
Speaker A (00:20 - 00:22): Doing good. A lot of smell yourself?
Speaker B (00:22 - 00:40): Yeah, pretty much been doing good. Thank brass, Mr. Appreciating. Look, I had asked my business to call you because we're looking for a reliable business scenario to work with and that's because we've seen a search of people online searching on more of the industry and we just want to ask a few questions, sir, to see if we can be good match for this. I'll be very quick.
Speaker A (00:40 - 00:40): Sure.
Speaker B (00:40 - 00:46): Uh huh, Sir. Yes sir. At the moment. Right. What kind of work are you guys taking on and specializing at the most?
Speaker A (00:47 - 01:02): Demolition debris removal. When it's warmer out, we do pressure washing. More general manual labor. I do do painting, but that's more dependent on what the client's needs are.
Speaker B (01:03 - 01:04): So it's kind of like a handyman, right?
Speaker A (01:04 - 01:05): Yeah.
Speaker B (01:05 - 01:08): So you're a jack of all trades right now. Awesome. All right.
Speaker A (01:08 - 01:08): Yep.
Speaker B (01:08 - 01:10): How long have you been running the business for now?
Speaker A (01:11 - 01:12): Two and a half years.
Speaker B (01:12 - 01:16): It's kind of new, man. Congratulations. For more years to come. Right, okay.
Speaker A (01:16 - 01:16): Yes.
Speaker B (01:16 - 01:20): And how is it that you're getting your new customers right now?
Speaker A (01:20 - 01:22): Word of mouth. Social media.
Speaker B (01:23 - 01:28): Alright, well, you guys have social media ads that come out or just organically? Like you post yourself on Facebook, Instagram?
Speaker A (01:28 - 01:30): For now, all of them.
Speaker B (01:30 - 01:33): Alright, how many leads do you get per week with that?
Speaker A (01:34 - 01:34): Typically?
Speaker B (01:34 - 01:35): About seven.
Speaker A (01:35 - 01:39): I'm not putting too much money into it. So it's definitely paying for itself.
Speaker B (01:40 - 01:45): Yes. All right, good. I mean, look, as long as you get work right, man, it's always going to be worth it. Right? I hear you.
Speaker A (01:45 - 01:46): Exactly.
Speaker B (01:46 - 01:48): Have you heard about doing SEO before, Kinsley?
Speaker A (01:48 - 01:49): No, I haven't.
Speaker B (01:49 - 02:25): No. All right, so I mean you're familiar with social media, right? You get leads through there, you get people to call you, find you or you work with. So you see, all the social medias have been working out for you. What we do here is a little bit on the bigger scale. Okay. Not that much though. We optimize you to be like search engines school you have for being Facebook. You're already on Facebook already. So we optimize you like search engines to be more complete. So that way at any moment somebody switches up a handyman or anything based on your keyword, we put you on. We're going to make sure you see your business name, your phone number and website show up on the front page search engine. All right. Is that something you've been interested in?
Speaker A (02:25 - 02:30): Not really. I'm not looking for any more any services or anything today. I hear that.
Speaker B (02:30 - 02:33): But if you were to get like a nice customer too once in a while. Don't want to hurt the business, right?
",,,ERNESTOALFAROCORONA,Kenslie-owner ,KAB Services,-,,2,1,1,16331189,33,Kenslie-owner ,,-,,Low season,December,Robotic & Script-Bound,Male,Yes,Yes,No,Yes,Yes,Not Angry/Frustrated,English,Yes,available,Agent,Novice,4,"Start-of-Call Latency, Audio Stability",TRUE,,50,50,Mutual Dialogue,6,2,4,0,Moderate Depth,Yes,0,1,0:01,Resistant,Confident & Assumptive,Agent,9,No,No,No,Yes,Agent stated they would ask a few questions to see if they were a good match and that it would be quick.,1,0,1,0,0,0,0,0,No,3,10,1,8,6,1,0,0,0,None,Mutual,Somewhat Structured,IV (FOMO); VI (ROI Calculation); VII (Assumptive Close/Gathering Info),None,No,Yes,1,1,Professional,Yes,No,Declined,Neutral,Negative,N/A,N/A,Customer sentiment shifted from neutral to negative/resistant after the agent's value proposition and closing question.,1 frustration,0,0,215,Closing/Payment Gathering,Customer,8,No Commitment Secured,None,No,No,No,No,Disconnect - During Close Attempt,Not qualified/not interested,TRUE,,TRUE
16256950,2024417151,AIDAMAGNO,12/4/2025 11:22,XFER,CP105,220,https://archive-sales.411locals.smartcarrier.io/RECORDINGS/2025-12-04/20251204-112229_CP105_AIDAMAGNO-all.mp3,"Speaker A (00:09 - 00:11): Hello? Hi, this is Ada.
Speaker B (00:11 - 00:12): Am I speaking with Mike?
Speaker C (00:12 - 00:13): Yes.
Speaker B (00:13 - 00:14): All right. Hi, Mike.
Speaker A (00:14 - 00:16): Are you actively doing hand in and work?
Speaker C (00:16 - 00:17): Yes, sir.
Speaker B (00:17 - 00:20): And do you own a business in dc?
Speaker C (00:21 - 00:21): I do.
Speaker A (00:22 - 00:22): Okay, good.
Speaker B (00:23 - 00:28): So, Mike, maybe you can help me. I'm calling in a search of people.
Speaker A (00:28 - 00:32): In D.C. area searching online for a handyman business.
Speaker B (00:32 - 00:39): Now, my manager asked me to reach out to a few local businesses, Mike, that can actually take more customers.
Speaker A (00:40 - 00:43): By the way, just to be clear, Mike, we are not looking for work.
Speaker B (00:43 - 00:46): We help connect customers who are already.
Speaker A (00:46 - 00:50): Searching for your kind of service. So this is about reviewing a few.
Speaker B (00:50 - 00:56): Local businesses, Mike, for potential placement front of real customer searches.
Speaker A (00:56 - 01:00): Now, my manager would like to confirm.
Speaker B (01:00 - 01:03): Which ones fits the criteria. So we'd like to know if you.
Speaker A (01:03 - 01:05): Are available to take new customer in.
Speaker C (01:05 - 01:10): D.C. yeah, I'm available. I'm in business. But what's the question? What's in it for you and what's in it for me?
Speaker C (01:14 - 01:14): You know what I mean?
Speaker A (01:15 - 01:16): Well, you know what?
Speaker B (01:16 - 01:20): We're trying to look for a reliable handyman business that we can work with.
Speaker A (01:20 - 01:20): Why?
Speaker B (01:20 - 01:26): We want to make sure that you are available to take customers so that these people will reach out to you directly.
Speaker A (01:26 - 01:31): Now, does your service includes carpentry and concrete work?
Speaker C (01:32 - 01:32): Yes, it does.
Speaker B (01:32 - 01:33): All right, good.
Speaker A (01:33 - 01:35): So how long have you been in.
Speaker B (01:35 - 01:37): This kind of business now, Mike?
Speaker C (01:37 - 01:37): 30 years.
Speaker B (01:37 - 01:39): Wow, 30 years.
Speaker A (01:39 - 01:40): And you have a license, right?
Speaker C (01:41 - 01:41): That's correct.
Speaker B (01:41 - 01:45): I see. Well, 30 years is definitely a long run.
Speaker A (01:45 - 01:52): Well, congratulations for. No, I'm pretty sure you're providing a quality service. So right now.
Speaker B (01:53 - 01:54): Is it just you.
Speaker A (01:54 - 01:58): Who'S lingy doing the service or how many employees do you have?
Speaker C (01:58 - 02:08): I have guys. I have plenty of people to work, but I can handle the work. So talk to me. What you talking about? I have people who work and I'm a master carpenter by trade.
Speaker B (02:08 - 02:09): I see.
Speaker A (02:09 - 02:14): All right, so I actually have a manager on the line right now, Mike.
Speaker B (02:14 - 02:21): And he'd like to take the call from here. Would you mind if I go ahead and connect you over? That way you can both discuss further about this.
Speaker C (02:22 - 02:26): I'll speak to him. But again, you talk to me about money and what's the catch?
Speaker B (02:27 - 02:28): Okay.
Speaker B (02:29 - 02:31): One thing is for sure, Mike.
Speaker A (02:31 - 02:33): What's good with our program is this.
Speaker B (02:33 - 02:38): Is designed to pay for itself by making you visible online. So we don't sell you these. All right?
Speaker A (02:38 - 02:40): Now, Kavia, my manager on the line.
Speaker B (02:40 - 02:42): And his name is Benjamin.
Speaker A (02:43 - 02:49): Benjamin, I have here Mike. He owns a handyman business in Washington. He have a license and he's been.
Speaker B (02:49 - 02:53): In the business for 30 years. He's still open to accommodate new customers.
Speaker C (02:54 - 02:55): Thank you. Hello, Mike.
Speaker C (02:56 - 03:00): Good afternoon, sir. How are you doing today? I'm good. You? I'm all right. How are you doing?
",,,Benjamin Franklin,12/4/2025 11:25,AGENTDIRECT,https://archive-sales.411locals.smartcarrier.io/RECORDINGS/2025-12-04/20251204-112547_CP111_ERNESTOALFAROCORONA-all.mp3,CALLBK,UG142,593,"Hey, um, Benjamin, Benjamin, I have here Mike. He owns a handyman business in Washington, DC.
He have a license and he's been in the business for 30 years.
He's still open to accommodate new customer.
Uh, appreciate you. Hello, Mike.
Uh, appreciate you taking my call. Good afternoon, sir. How are you doing today? I'm Kim you.
I'm all right. How you doing?
Doing good. Thank you for asking me, sir. Appreciate you.
I just want to ask, sir, this is call you, Mike.
I'm looking for a viable business just like you that wants to take on customer so we can work with.
And that's because, Mike, we've seen a surge of people online searching up handyman services in Washington.
So we just want to ask a few questions to see if you can be a good fit.
Go ahead.
Yeah, appreciate you, man.
Look, uh, you guys only do handyman work. What kind of work do you guys usually do? Is it most likely like concrete repairs, installation, or or, um, you guys do complete like models too?
Do complete remodels, general repairs, service work.
Perfect. I understand. Ada told me that you guys have been in the trade for 30 years now, right, sir?
That's correct.
And many years for more for to come, right, sir? Congratulations.
This is something you guys been working hard for, a lot of work, right?
At the moment, Mike, you guys get people that call you through only recommendations or you have like marketing that helps you stay busy and get customers.
Yeah, we do we do some marketing.
Yes, sir, what kind of ads have you been working with?
We work with different ones. We get a lot of referrals too. Who what ads are you working with?
I specifically my company's called Forward Local, Mike. We specialize in Washington to show the search results in the internet where we connect business owners, small and big business owners connect with more new clients through our online presence.
It's been 1,026 searches in the past 30 days for Washington for handyman services.
My goal here is to make you visible in front of these instant customers so they could potentially call you more.
Not all of them, Mike, because there's a bunch of competition, but give you a tiny piece on that kick, uh, a kick too, you know?
Is that something you've been interested in, Mike?
I mean, everybody wants more business, but again, Right? when you say clicks, how much are the clicks? How much, you know, there's things that that happens.
It's not for clicks.
You know what I mean?
We don't charge you believe. We don't charge you for click. It's unlimited with us, because once we work with these type of online visibility, sir, I'm going to make sure people find you directly, right? But it's not for lead.
Um, by visibility, what I mean by that, Mike, um, I don't know if you've ever heard of Van Dam Handyman, LLC here in Washington, or, um, Ace Handyman Services, or Jim the Handyman.
Perfect.
Well, I've heard of Ace.
You serious? They're kind of, you know, they they're out there. You've been out there too, you know.
But not that the word because right now 75% of the people when they go online search up a handyman, they call these guys because they advertise with Google, they have good they're going to have they got a good visibility, right?
So that that the is that I want to give you the same visibility.
That's what I specialize in, okay? You mentioned earlier you have online app, sir. Have you never made a website?
Yeah, we have a website.
Oh, okay. Well, I wasn't aware of that. I'm sorry. What's the name of it?
Brazilian Contractors.
Brazilian Contracting?
Okay.
Mhm.
I found it. Thank you, sir.
That's uh, I think it's not being optimized for now, right? It seems like kind of organic, but it's a good thing you guys made it already, right?
So imagine this, Mike, right? Imagine you have the best website in the world, but not many people look at it.
It's no good, right? It's like having a billboard like in the middle of the desert, right?
What I want to do for you is put you in the middle of a highway where everyone's going to see it.
Now, you might think I don't need customers now.
Think about this think about the branding here, Mike. Imagine 30 years in business, how many people called you back and recommending you already? So many, right?
So, imagine if at least 5% of them was to give you good review, talk about good and good and new in your business, and then it's going to create instant credibility because, you know, something good to look out for yourself, Mike, and too, it's where your new vice speaker, right? It's going to stay with you, okay?
So, we've been in business since 2017, Mike, for local working hard to 70,000 business owners, and we tailor solutions on expanding your customer base and branding too, okay?
What I want to do for you today, Mike, is very simple.
I want to sign you to our IT professionals who are going to build the marketing for you so you will have to.
And one of the goal is is add you on the front page Google on the list of five keywords services you provide. All right? Imagine this, Mike.
If somebody wants to type in residential, uh, repair or handyman services nearby me, my area, we're going to make sure they see you on the show above any competition you have, okay?
Um, I know you're uh I know you're you like to work, Mike.
You don't focus on much on what I'm going to tell you probably, but do you have like pictures and videos of the jobs you do before and after?
Um, anything you like to show your customers?
There you go.
Oh.
That's perfect.
That's what we want to show them, you know? You want to show them your pictures and videos of the jobs you do before and after.
And you know, the good thing we're going to able to show whatever you want too, right? At the end of the day it's up to you as well, sir.
And in the business page and web page we make free to maintenance free.
Uh, we also sign you to like a team of marketing that uh gives you updates each two weeks through a meeting of what we do more and you can see like what's going on with everything, sir.
Our service is very transparent, okay?
Uh, let me ask you this. Do you remember back in the day like 30 not like 10, 12 years ago, we used to use a lot.
We used to use the yellow phone book that have like phone numbers.
Yeah, the yellow page, right?
The evolution of the yellow page are only directories.
Craiglist, Yelp, Nextdoor Neighbors, Better Business Bureau, looks.com.
You name it, sir, we're going to place you with 50 to 100 online directories, so no matter what they look for you or your service, we can make sure they always find you, okay?
And um, so it's something good to have, sir.
I just send you a text of our information, our website, sir. Take a look us up.
It's a good again. If anything, Mike, uh, let me know. What do you think about all this, sir? What's your first glance at this?
Well, Mike?
Hello, sir?
I'm sure I already have a Google account and Google marketing.
Oh, you already have that?
Yeah, I already have all that, man.
I have a little struggle. I'm trying to look up the business page right now, sir.
Uh, was resident contracting, you said?
Resident contractor.
Do you have it optimized, sir? It seems like kind of organic.
Okay.
At the moment. So so so look, send me something that I can look at with how much it costs and what you're doing for me and then I can give you a call back. Right now I'm getting going to a meeting, okay?
I can do that right now in a minute, sir. That way, you know, save your time trying to look at an email.
Uh, you know, I I I have a hard time looking at emails, because I'm busy.
Well, tell me well, tell me well, tell me right now how much how much your service costs.
Yes, sir.
Look, packages usually cost 200 bucks a month, sir, but we're not going to ask you to pay that today.
I'm giving you an activated profile and program, sir, for 49.99 for the package we just told you about, right? Everything, everything. And if you still with us.
How much? 49.99 to activate the program to program today to get me started today, and if you want to stay with us four months month by month, it's uh 182.99.
And we're not even asking to pay that today, that way always the 10th of what's next January?
Yeah, 10th of January and then each 10th of each month, automated recurring.
Meaning that we charge you after we work for it.
And those 182.99 each month, Mike, regardless if you get 10, 20, 30, 30 leads, five jobs, two two jobs, there's no commission of percentages at all for you, sir. Now, let me ask you this, right?
Uh, the Google profile you just created, sir, you have that optimized with somebody like us already? Like you already doing it with somebody else or or or you or is that just like something you did for yourself?
I manage it. I manage it myself. I've already been set up.
Google uh what you call it the ads and all that stuff and mine is in my account.
Yes, sir.
Yeah.
Now, let me ask you this, Mike, right? What let me let me ask you that what would you what would you think would happen if I make sure your pages were actually shown up on the local listing front page every single time somebody searches up your service and you can find you up there now.
Well, we'll see.
I mean, right now I'm kind of busy, but let me look at what you got.
I'll give you a call back, okay?
Definitely want to know that what you was out to got the team, Mike, right?
Um, and it's something we can actually do for you.
We've been doing this for 18 years now. We specialize in this, right?
When when's uh, when's it be possible to give you like a call back? You know, talk about this a little bit more.
Yeah.
Cup of information. Send me your information. I'll look it up.
Uh, you give me a call back tomorrow.
Uh, what time, sir?
Maybe 12.
12 p.m. Okay, I'll do that for you, Mike.
Okay. And I'll also send you a text. Were you able to receive it?
Can you confirm that that for me, please?
All right.",,,ERNESTOALFAROCORONA,Mike ,,"Washington, DC 20011, DC, ",Handyman,1,1,0,16256950,5,Mike ,Handyman,"Washington, DC 20011, DC, ",Eastern,Low season,December,Confident & Assumptive,Female,Yes,Yes,No,Yes,Yes,Skeptical/Cautious,English,Yes,available,Agent,Transactional,5,,TRUE,,33.33,66.67,Agent-Heavy,9,3,6,0,Moderate Depth,Yes,4,6,4:06,Resistant,Confident & Assumptive,Agent,15,Yes,Yes,Yes,Yes,Agent stated they would ask a few questions to see if the customer was a good fit.,5,5,5,100,1,1,0,2,No,2,10,2,25,10,2,0,2,0.2,Rare,Agent-Heavy,Somewhat Structured,VI. Utilize ROI Calculation,None,Yes,Yes,3,2,Professional,Yes,No,Declined,Neutral,Skeptical,Skeptical,Skeptical,Customer's sentiment shifted from neutral to skeptical after agent's initial pitch and customer raised concerns about price and existing solutions.,6 frustrations,0,0,593,Closing/Payment Gathering,Mutual,153,Follow-up Call Scheduled; Customer to Review Materials,Explicit,Yes,No,No,Yes,Follow-up Scheduled,Customer busy; Existing solution; Need to review information,TRUE,,TRUE
16271060,2066990695,MARICELADVINCULA,12/9/2025 15:04,XFER,CP108,135,https://archive-sales.411locals.smartcarrier.io/RECORDINGS/2025-12-09/20251210-070433_CP108_MARICELADVINCULA-all.mp3,"Hi, if you record your name and reason for calling, I'll see if this person is available.
Hi, yes. Hi, this is Kim.
Thanks, Kim. Please stay on the line.
Hello?
Hello.
Hi, do you still do junk removal service?
Yes.
Yes, I do.
All right. Thank you. And Bellevue, right?
Sorry?
And Bellevue in Washington in surrounding areas?
Yes, yes.
Oh, okay. Thank you.
Thank you. By the way, this is Kim from 411 locals. May I know who am I speaking with?
James.
My name is James.
James.
All right. Thank you, James. You're the owner of the business, James?
Yes, I am.
All right. Thank you.
James, by the way, you're doing this for commercial and residential, right? The junk removal service.
Oh, okay. Thank you.
Yes, yes.
For how long have you been doing this type of business?
Uh, I just got started, barely a few months ago.
Oh, like, um, two months?
Yes.
Uh-huh. Okay. But in terms of experience, how long have you been in this, um, industry?
Probably two years.
30 32 32 years?
Two years.
Oh, sorry.
Two years.
Sorry for that. Two years in business.
And you provide, uh, free estimates, right?
Yes.
Uh, okay. And do you travel to the surrounding areas as well, right?
Yes, yes.
Yes, I travel within a 70-mile, uh, radius.
70 miles.
Uh, yeah.
79-mile radius.
Okay. Thank you.
So, by the way, James, I already have here my manager.
I have here Cora.
Hi, Cora.
I have here James, the owner of the business, PNDO, uh, junk removal service in Bellevue, Washington.
And this business for about two months now but had, um, two years' experience.
Uh, sure. Thank you.
Hi, James. How are you doing today?
Hello. I'm doing fine. How are you doing?
I'm doing fantastic.
Thank you so much for asking, James.",,,Cora Johnson,12/9/2025 15:06,IG114,https://archive-sales.411locals.smartcarrier.io/RECORDINGS/2025-12-09/20251209-150619_CP111_JOHNMENARDESCOTE25-all.mp3,HU,UG142,487,"Speaker A (00:01 - 00:17): 79 mile radius. Okay, thank you. So by the way, James, I already have here my manager. I have here Cora. Hi, Cora. I have here James, the owner of the business. He and do a junk removal service in Bellevue, Washington. And this business for about two months.
Speaker B (00:17 - 00:19): Now, but had two years experience.
Speaker A (00:20 - 00:23): Sure, thank you. Hi, James, how are you doing today?
Speaker C (00:23 - 00:24): Hello. I'm doing fine. How are you doing?
Speaker B (00:25 - 00:28): I'm doing fantastic. Thank you so much for asking, James.
Speaker A (00:28 - 00:30): Thanks to this Cora Johnson.
Speaker B (00:30 - 00:49): I did ask my assistant to call you because we're seeing several people in your local area right now who currently looks for your type of service. And that's the reason why we did call you right now. Because we're looking for a reputable business so we can actually partner up with to actually feature in front of those people.
Speaker A (00:49 - 00:51): So I just wanted to ask you a few questions.
Speaker B (00:51 - 00:54): That way we can see if this might be a good fit.
Speaker C (00:54 - 00:55): All right, sure.
Speaker B (00:55 - 00:56): Thank you so much.
Speaker A (00:57 - 00:59): James, can you please tell me more about the business?
Speaker B (00:59 - 01:05): Like how long have you been running the business now? And what service do you mainly provide to your customers?
Speaker C (01:05 - 01:11): Can you give me one second, please? Give me one second. Okay, go ahead, go ahead, go ahead. I'm back.
Speaker B (01:11 - 01:19): Thank you so much. I was just asking though, like, how long have you been running your own business now? And what service do you mainly specialized with?
Speaker C (01:19 - 01:28): I mainly specialize in junk removal. I've been running it for two years, but I've been in the industry for more than two years. I've been doing junk removal and moving.
Speaker B (01:28 - 01:42): Oh, wow. Congratulations. So pretty much I'm speaking with an expert, I would say. Right. Congratulations. Perfect. And by any chances though, are you doing it residentially or you're also open to do commercial?
Speaker C (01:42 - 01:43): I'm open to do commercial jobs.
Speaker B (01:43 - 01:51): I see, that's perfect. Perfect. And so far, so good. Like how far out are you willing to travel for jobs or how many mile radius are we looking?
Speaker C (01:52 - 01:54): Around? 80 miles radius between Seattle.
Speaker B (01:55 - 01:57): Okay, so you can travel where the money is, I would say.
Speaker C (01:58 - 01:59): Right, Yes.
Speaker B (02:00 - 02:02): I see, I see. But the.
Speaker B (02:03 - 02:07): I see. But the business is currently located in what zip code again?
Speaker C (02:08 - 02:12): 98499. But most of our jobs in Seattle. Yes.
Speaker B (02:12 - 02:19): Oh, in Seattle. Okay, perfect. And so far so good though. Are you still open to take on more jobs right now?
Speaker C (02:19 - 02:20): Yes, I am.
Speaker B (02:20 - 02:48): Right, well, here's the thing, James. The reason why I did call you right now is because our company is the one who closely monitors the online traffic search of people looking and searching for your services right now. Specifically in your city. Right. And in Fact in the past, for today's change, there is already a total of 713 total monthly search coming from the population looking and searching for your services right now.
Speaker A (02:48 - 02:50): So if I could put your business.
Speaker B (02:50 - 03:14): In front of those interested people searching and looking for your services, that would be something very, very beneficial. Right, Jane? Right. Now, here's what we do, Jane. When people search online for junk removal services in Lakewood City in Washington, they usually don't type in a business name. Right? They just search for the service of what they're looking for.
Speaker C (03:14 - 03:15): Correct.
Speaker B (03:15 - 03:42): Like junk removal means or the best junk removal service in liquid. And if you're not showing up, your competitors are getting those phones. Right? And that is the reason why we're here. Because we want to make sure that at any time of day, if someone is looking and searching for your services, they would be able to find you front and center your competition. Have you ever heard about J Dog Junk removal and Hauling? Do you know them?
Speaker C (03:42 - 03:43): Who are they again?
Speaker B (03:43 - 03:46): J Dog Junk Removal and Hauling. Do you know them?
Speaker B (03:49 - 03:53): Junk removal and hauling. Yes. Do you know these people? You mentioned you're in Lakewood, right?
Speaker C (03:53 - 03:56): Yes, I'm trying to see. Yeah, I can see them.
Speaker B (03:57 - 03:59): Do you know them personally or no?
Speaker C (03:59 - 03:59): No.
Speaker B (04:00 - 04:05): How about Joe's Junk Removal and Demolition Elves? Does it ring a bell?
Speaker C (04:06 - 04:08): No, not really. I haven't looked at my competition.
Speaker B (04:10 - 04:40): Well, yeah, right. Well, I don't want you to mind them. Okay, but why this matters, it's because these are actually the ones who are now getting this big check out of those already interested customers. Well, it's not because they're better than you, but because they are likely the most visible in the eyes of Scott and your company or your business is not even there. You know, that's the tough part right now. Because even though you're the best option for junk removal in the area, but this.
Speaker C (04:41 - 04:43): I'm sorry, how do you know that?
Speaker B (04:43 - 04:45): Sorry, how do you. What do you.
Speaker C (04:45 - 04:47): You said I'm the best junk remover. I'm like, how do you know that?
Speaker A (04:47 - 04:49): Yeah, well, basically I know for sure.
Speaker B (04:49 - 05:19): You provide quality works. Right. So this customer should be also calling you as well. Correct. So that's the top part right now. Even though you are the best option for every customer, but if they can find you easily, they will just jump off and call other competition in your area. Right? And that is the reason why we're here. Because what we will do here at 411Locals is we want to make sure that your business shows up in front of those customers. So the calls and the jobs come to you instead of someone else.
Speaker C (05:19 - 05:20): How'd you find your number?
Speaker B (05:20 - 05:21): I'm sorry?
Speaker C (05:21 - 05:22): How do you find my number?
Speaker B (05:22 - 05:37): Well, basically speaking, we work with another umbrella of our company who find us those reliable people that can provide quality services that will be perfect fit with our program. And that's one of the reason why we're giving you a call right now. Okay.
Speaker B (05:41 - 05:42): Sorry.
Speaker C (05:43 - 05:48): No, I've missed the lead. Literally picking up your phone. I thought you guys were literally, like, a lead.
Speaker B (05:48 - 05:49): Hello?
Speaker B (05:51 - 05:53): You have been kicked from this conference.
",,,JOHNMENARDESCOTE25,James-owner ,Marshall Solutions Group/PNW Move and Clear,"Bellevue, WA, , ",COMMERCIAL & RESIDENTIAL JUNK REMOVAL,1,1,0,16271060,28,James-owner ,COMMERCIAL & RESIDENTIAL JUNK REMOVAL,"Bellevue, WA, , ",Pacific,Low season,December,Consultative & Validating,Female,Yes,unknown,No,No,Yes,Not Angry/Frustrated,English,Yes,available,Agent,NOVICE,2.8,"Start-of-Call Latency, Intelligibility, Silence/Dead Air Indicators",TRUE,,35.8,64.2,Agent-Heavy,5,5,0,0,Surface-Level,No,0,6,0:06,Resistant,Confident & Assumptive,Agent,29,Yes,Yes,Yes,Yes,Agent stated they would ask a few questions to see if it's a good fit.,3,0,2,0,0,0,0,0,No,2,6,4,22,7,4,0,3,0,Occasional,Agent-Heavy,Somewhat Structured,VI. Utilize ROI Calculation; VII. Assume the Sale and Begin Gathering Information,None,No,Yes,5,3,Professional,Yes,No,Declined,Neutral,Skeptical,Skeptical,Skeptical,"Customer sentiment shifted from neutral to skeptical around 04:41 when questioning agent's claims, and then to frustrated at 05:43 regarding how the agent obtained their number.",3 frustrations,0,0,353,During Pitch/Value Prop,Agent,34,No Commitment Secured,None,No,No,No,No,Disconnect - During Pitch/Value Prop,Lack of trust/rapport,TRUE,,TRUE
16279179,2077175309,MARKCASEYALEGADO25,12/10/2025 7:58,XFER,CP108,246,https://archive-sales.411locals.smartcarrier.io/RECORDINGS/2025-12-10/20251210-235815_CP108_MARKCASEYALEGADO25-all.mp3,"Hello?
Hello? Hi, uh this is Mark. Yeah, can you hear me?
Yes, I can hear you.
Alright. Maybe you can help me. Uh, do you do painting service?
Painting service.
Yes, we do. Uh-huh.
Alright. Oh, I'm sorry. The owner, right? For Smith's Enterprises?
Yes, Smith's Enterprises, that's me and my husband's company. Yes.
Oh, okay. So, I'm calling you because we are seeing several people in your local area who are looking for a painting service online. My manager asked me ma'am to look for someone who are open for new customer, especially that you do residential work, correct?
Yes, we do a lot of residential work. That's basically, um, what we do as of right now until we build. Exactly.
Okay, wonderful for residential. That's great. And, um, pretty sure, oh, by the way, since you do have quality work as well, that's why my manager asked me to give you a call, okay? Oh, what's your name again? My name is Mark, by the way.
My name is Cassidy.
My name is Cassidy, nice to meet you. Pardon?
Uh-huh. My name is Cassidy. Yeah.
Cassidy. Alright. Nice to meet you as well, ma'am Cassidy. So you're still open for new customer here, right ma'am Cas- Cassidy?
Yes, we are.
Okay. So, uh, since we're looking for reliable business like yours, ma'am Cassidy, that's why my manager asked me to give you a call, okay? To work with. Anyway, uh, hold on for a moment, ma'am Cassidy. Let me call my manager here. Alright?
Okay.
Thank you. Okay, so it's ringing right now, ma'am Cassidy. Yes, ma'am.
Okay. Uh, so ma'am Cassidy, while waiting for my manager, so is it Monday to Friday are open here or like everyday? What days?
It's Monday to Friday, uh, usually around 8:00 a.m. to 6:00 p.m.
Depending on clients' needs. If they need a different time, then we can try to work with them.
Okay, I see. So Monday to Friday.
Yes. But you can do for commercial as well, correct?
Um, commercial, we're working on. Um, we are right now trying to get our licensing and stuff like that because um the state legis- state legislate is going to be changing to any jobs $15,000 or above, um, you're going to need specific licensing and class- classes. So right now we're just doing residential. We are going to upgrade, but right now we're staying residential.
Okay. I understand it, ma'am Cassidy. So yeah, so just uh bear with me for a moment, okay? I'm still waiting for my manager. Okay.
Uh, yes ma'am. Okay, thank you. Hold on.
But you just, I mean, you also do other service, right? Aside from painting?
Yes, we do a lot of different services.
Like for handyman?
Yeah, basically anything um that does repairs other than plumbing. Um, we don't do anything that would require any specific licenses like plumbing or electrical. Um, we don't touch any of that. If they need uh wall repairs, siding done, porch repair, porch installment, you know, there's a bunch of different things that we do.
Okay.
Alright. Got it. Oh, and I have my manager now. Hi Brian, I have here ma'am Cassidy the owner.
Okay.
So she's open for a new customer to do painting service. Alright, awesome. Thank you. Cassidy, thank you for taking my call. How are you all?",,,Bryan Bernal,12/10/2025 8:00,IG114,https://archive-sales.411locals.smartcarrier.io/RECORDINGS/2025-12-10/20251210-080205_CP111_LUISBERNAL-all.mp3,INCALL,UG142,1338,"your porch installment, you know, there's a bunch of different things that we do.
All right.
Got it.
All right, I have my manager now.
Hi Brian, I'm from Cassidy the owner.
So check you up in for a new customer to do painting service.
Okay.
All right, awesome.
Thank you.
Cassidy, thank you for taking my call.
How are you?
I'm good.
How are you?
I'm doing good.
Thank you, thank you for asking.
Um, I did ask my assistant to give you a call because we're looking for a reliable business in your area to work with.
Just want to ask you a few questions to see if this will be a good fit.
Sounds good?
Of course.
All right.
So, what type of services you usually take on?
Uh, right now, we take on quite a few services.
Um, we everyone in the company also has their 1099s.
Uh, 1099, excuse me.
Their Osha 10.
Okay.
Um, so everybody is covered under that for safety reasons.
Okay.
Um, now we do a lot of repair work.
We do a lot of painting.
Um, I I personally have a lot of experience um, in painting, um, commercial or residential.
Um, so we also do porch repair, siding repair, siding replacement, installment.
Uh, we also do if you guys like if there's a small roofing situation, we can take a look at it and do a quote on that as well.
Um, we do a lot of interior as well, you know, if you need um, something a whole fixed on the inside or, you know, a wall taken out and put new dry new drywall sheet in, you know, we can do that as well.
There's a lot of different things that we do.
Um, that's why we basically just say, you know, if you want an estimate or a quote, we can just we can go look at it, get pictures and things go from there.
Okay.
Yeah, listen, how do you normally generate new clients, Cassidy?
Like when it comes to people that doesn't know you yet.
I generate new clients in a whole bunch of different ways.
Um, basically I grew add advertisements, um, promote it on my different social media accounts.
Okay.
Um, create videos.
I mean, there's so many different things I do.
I see, I see.
Okay.
Um, because basically the jobs we want you to do, Cassidy, are not for us, basically for the people that search locally when they need them, right?
Um, and and now we have like a spot open on Google.
That's why we're calling you, right?
So, are you guys able to take on some of these jobs, Cassidy?
Of course.
Yeah, of course we are.
Yeah.
Okay, so, um, because I was trying to look for for like have you checked your company on Google lately?
Because we found you I think you're like on online directories, Facebook, right?
I'm on Facebook, yes.
Yeah, of course.
And I I was not able to find like a Google listing for your company, right?
Uh, not as of not as yet, no.
Okay, perfect.
Uh, the reason we're calling you is because well, I mean, within the last 30 days, we have almost like 2,000 searches for painting services.
So my my question is very simple, Cassidy, right?
If we can put you in front of these customers that are looking for your services, do you think that should be beneficial for your business?
Yeah, I definitely think it would be beneficial.
Okay.
Are you the the one that takes the decisions for this company?
Are you the the sole owner?
Um, I'm the administrative office kind of lady.
Um, yeah, my husband does all the I see, I see.
Okay.
My husband does all the building and stuff like that.
I usually take on the jobs, take on the leads and check and see if it's actually worth our time.
Okay.
Got you.
Got you.
Basically, yeah.
Okay, so that's good.
I mean, you got a team, right?
You got you got the perfect team.
You got I mean, you're ladies taking the admin work and the guy, the man is the one doing the action.
Yes, yes, 100%.
And we have a couple other employees as well, so.
Okay, so you have a crew as well that can help you in case that like we have like a big project, you guys can take it on.
You guys can like get more people to help you, right?
Yes.
Yes.
Okay.
How far can you travel, Cassidy?
Let's say when it comes to maybe uh, 20, 30, 50 miles radius.
I'd say anywhere from like um, well, I live in we live in Dexter.
So if I were to like put a name on it, the farthest I think we'd travel depending on the price of the job would probably be Augusta and north would probably be around Bangor or no area.
Okay.
And and like I said, depending on the job.
I mean, if there's a Portland job that's like a $3,000 job that's going to be a week, you know, worth the work or whatever, then yeah, we would go down.
But it really depends on what the job is and how long the duration of the job is.
I see.
So what's your local zip code there in Dexter?
Like you said, 88230?
No, it's 04930.
04930.
Let me show what we've got there.
Okay.
All right.
Perfect.
So you don't have no website as of now, yet.
No website, just like social media.
Right.
Yes, so I'm I'm working on building that.
Because you said you advertise.
Um, I'm just trying we we don't have money to or extra money, I should say, to put towards um, any extra advertising.
Um, I did try to put in for a Google um, business.
Right.
However, um, I'm still waiting on that.
So, yeah, you you you're probably on the verification.
Verification status because you need to verify your company on Google.
Um, so they can let you list it.
Okay.
So basically that's what we certify here.
We're Google certified partners, Cassidy, right?
So we'll take care of all that for you, right?
It means like um, we'll do the local SEO, the Google business setup, your website, listing your company on over 50 online directories, like getting all done.
So what you're going to do is just focus on, you know, answer answering the calls, make sure like you say earlier, right?
Those leads are going to, you know, they're going to make sense to you guys.
You know, it's going to be something that you guys are able to do, right?
Um, so you'll be in charge on that and we'll be dealing with the rest.
Is this something that you might want to, you know, have an open mind to listen to it and see what we can do about it if the price is right?
Huh?
Um, well, like I said, I don't really have any extra funds right now though.
I mean, I I'm interested but like we if we had the extra money, I would definitely do it, but we don't have the extra money right this second.
I mean, I'm not asking you for money right now.
Don't worry, we are post-paid service, meaning that we work first and we charge later, right?
Uh, when it comes to to to uh, to our services.
Uh, and we we're very flexible, right?
I mean, I don't think how much you got in mind?
Do you think we're going to charge like $1,000?
I mean, no, I'm just thinking just general money wise.
No, no, no, no.
Basically, so no, we're very flexible.
I'll go ahead and explain the project.
Nothing to compromise, Cassidy.
If you like what you hear, we can move forward.
If not, I mean, we can part ways friends.
Don't worry.
Sounds good?
Okay.
All right.
So listen, the Google listing thing, okay?
Um, yeah, I mean, that's how everybody kind of look for like when they're when they're looking for clothes, any type of service, food, like 80% 80% of people use Google when they're kind of ready to buy, right?
And 90% never scroll scroll past page one.
Uh, I want to compete with those companies that I sent to you.
Do you know any of them?
No.
No?
Did you get them?
The link The link that I sent to you?
No, no, I got them.
I I just don't know them.
Okay.
All right.
So basically, um, I mean, we will be competing with them, right?
Um, what I need you to do is just make sure the clients is going to be talking good about your services because they're going to be able to write a review, you know, under your company name, right?
So you just make sure Hello?
You have been kicked from this conference.",,,MARKCASEYALEGADO25, ,,-,,2,2,0,16279179,31, ,,-,,,December,Consultative & Validating,Male,Yes,Yes,No,Yes,Yes,Happy/Optimistic,English,Yes,available,Agent,NOVICE,3.2,"Start-of-Call Latency, Audio Stability, Intelligibility",TRUE,,34.9,65.1,Agent-Heavy,9,5,4,0,Moderate Depth,No,3,2,3:02,Resistant,Confident & Assumptive,Agent,15,Yes,Yes,Yes,Yes,Purpose and process outlined,1,0,1,0,0,0,0,11,Yes,2.71,15,4,17,4,3,1,3,0.34,Occasional,Agent-Heavy,Somewhat Structured,"None explicitly skipped, but flow was non-linear","Yes, agent returned to FOMO/competitor discussion after budget objection",Yes,Yes,2,2,Professional,Yes,No,Fluctuated,Neutral,Positive,Skeptical,Not Applicable - Transcript Truncated,Shift to skeptical/resistant at 06:30 when budget was mentioned.,1 frustration,0,0,1338,Closing/Payment Gathering,Unknown,65,No Commitment Secured,None,Yes,No,No,No,Disconnect - During Close Attempt,Unclear,TRUE,,TRUE
15561884,2013624232,ADELALUCAS,12/5/2025 9:29,XFER,CP105,144,https://archive-sales.411locals.smartcarrier.io/RECORDINGS/2025-12-05/20251206-012943_CP105_ADELALUCAS-all.mp3,"Speaker A (00:02 - 00:42): Oh, hello. Hi. Maybe you can help me. Are you still doing handyman services in New York City? I am. Perfect. Adele, Am I speaking with the owner of the business? Right. For handyman services, this is Talk Over Me. Oh, is this Fernando? I'm Fernando. Yes, ma'. Am. Yeah, Fernando, this is Adele. I'm calling you because we're seeing a search people in your area searching online for handyman service. So my manager asked me to reach out to a few local businesses that can actually take on my customer. Fernando, are you still available to work on a weekend or is it only Mondays to Fridays?
Speaker A (00:44 - 01:44): Whatever that we have. Okay, so you are available on Saturdays and Sundays, right? Yeah, I will come there the week. Okay, sounds good. And Fernando, just to be clear, we're not looking for work, but we help connect customers who are already searching for your kind of service. And it's about reviewing a few local businesses for potential placement in front of our real customer searches. My manager just confirmed which one fits the criteria. And you're able to handle new customer, Right. In New York City for handyman services and remodeling? Yes, ma'. Am. Is there anything you want? Okay, sure. And how long have you been in the business, Fernando? For 25 years. I'm 43. I've been doing the business all my life. Amazing. That speaks the quality of your service, I believe. And do you have some workers, Fernando? Depends on the job. Depends on the job and depends on the pay. Okay, sounds good. Because I have here. My manager, Darwin is on the other line, Fernando, and he will take the call if you don't mind. Raquel.
Speaker A (01:46 - 01:57): We have you, Fernando. The owner can handle new customer for handyman and remodeling service available every day. 25 years in the research and working by himself. Depends on the project.
Speaker A (01:59 - 02:04): Okay. Yeah. How to pronounce? How you doing, sir? How you doing, brother?
",,,Darwin Sanchez,12/5/2025 9:31,IG114,https://archive-sales.411locals.smartcarrier.io/RECORDINGS/2025-12-05/20251205-093122_CP111_DARWINSANCHEZ24-all.mp3,NI,UG142,316,"Speaker A (00:02 - 00:08): Amazing. That speaks the quality of your service, I believe. And do you have some workers, Fernando?
Speaker B (00:09 - 00:13): Depends on the job. Depends on the job and depends on the pay.
Speaker A (00:14 - 00:21): Okay, sounds good. Because I have here. My manager, Darwin is on the other line, Fernando, and he will take the call if you don't mind. Okay.
Speaker A (00:23 - 00:34): We have you, Fernando. The owner can handle new customer for handyman and remodeling service available every day. 25 years in the business and working by himself. Depends on the project.
Speaker B (00:39 - 00:40): How you doing, brother?
Speaker C (00:41 - 00:44): Hi. I'm doing well myself, thank you for asking. My name is Darwin.
Speaker D (00:44 - 00:53): We're actually looking for a handyman business I would like to work with in the area. And I'm actually under the impression you're always open to take on more work. Is that right?
Speaker B (00:54 - 00:58): I'm always taking work. I'm always. Well, I'm not trying. I'm not trying to.
Speaker E (00:58 - 00:59): I'm not trying to kill myself neither.
Speaker B (00:59 - 01:04): But you know, if you don't work, you don't eat, you don't live, you.
Speaker E (01:04 - 01:05): Don'T do nothing with this world.
Speaker B (01:05 - 01:06): So you guys, it's part of the.
Speaker E (01:06 - 01:07): It's part of.
Speaker B (01:07 - 01:08): Part of us already.
Speaker D (01:09 - 01:12): I totally agree with you on there reference.
Speaker F (01:12 - 01:14): And you based out in New York City, right?
Speaker B (01:15 - 01:21): I'm in New York and sometimes I do some part of New Jersey too.
Speaker C (01:22 - 01:22): Okay.
Speaker F (01:22 - 01:24): And in fact, I think you actually.
Speaker G (01:25 - 01:29): Yeah, you've been in the business for like what, a year now?
Speaker D (01:29 - 01:31): Or how long you been doing this now?
Speaker B (01:31 - 01:34): Over 25 years. Almost 25 years already.
Speaker E (01:34 - 01:37): Since 2001. Well, I really started when I was.
Speaker B (01:37 - 01:42): Younger, but when I really started doing jobs and stuff, you could say 2001.
Speaker C (01:42 - 01:44): 2001. All right, that's a long time now.
Speaker D (01:44 - 01:46): It surely tells you definitely doing a very good job.
Speaker G (01:46 - 01:50): Then can you tell me about the. The type of jobs you usually take?
Speaker H (01:51 - 01:52): I take any job.
Speaker B (01:52 - 02:01): I take floorings, I take styles, I take bathrooms, take kitchens, take garments, take electricity, make a little bit of everything, whatever. Like I said, I got a lot.
Speaker E (02:01 - 02:04): Of experience and there ain't no. There ain't nothing I can't do.
Speaker B (02:04 - 02:06): I get everybody.
Speaker E (02:06 - 02:08): I try to fix everybody's problem.
Speaker H (02:08 - 02:10): Do you like doing day jobs or.
Speaker G (02:10 - 02:12): You like doing small ones where you.
Speaker D (02:12 - 02:14): Can just get in, get out, move.
Speaker C (02:14 - 02:15): Into the next one or.
Speaker F (02:15 - 02:16): I mean, if you can pick and choose.
Speaker D (02:16 - 02:19): Which type of job do you like the most, Fernando?
Speaker B (02:19 - 02:22): I think I do on both. I like switching up sometimes.
Speaker D (02:22 - 02:23): You want to pick it up?
Speaker B (02:23 - 02:29): Okay, I'll switch it up sometimes. Sometimes my job give you a faster, quick pass.
Speaker H (02:30 - 02:32): Do you like Commercial job or you.
Speaker G (02:32 - 02:33): Want to stick with the residential?
Speaker B (02:33 - 02:38): I don't know. What are you working with? Can you say.
Speaker B (02:39 - 02:40): What'S the idea here?
Speaker G (02:41 - 02:42): Well, the reason I'm calling is because.
Speaker D (02:42 - 02:49): My company, 401 Locals, we specialize in watching traffic of strangers on the Internet.
Speaker F (02:49 - 02:50): And we're seeing a significant increase in.
Speaker D (02:50 - 03:00): Demand going on from people looking for your service. You know how it is. People nowadays, when they look for something they like to buy, they typically just Google it, right?
Speaker F (03:00 - 03:02): Imagine this, Fernando.
Speaker G (03:02 - 03:11): Somebody in your local area would go to Google and they would type in flooring, insulation. They type in painting, drywalling, remodeling.
Speaker H (03:11 - 03:12): Even if they don't know you, they're.
Speaker G (03:12 - 03:13): Going to see your name and your.
Speaker D (03:13 - 03:16): Phone number popping up Google in front of them.
Speaker F (03:17 - 03:18): Do you think that would be beneficial for your business?
Speaker B (03:19 - 03:19): No.
Speaker E (03:22 - 03:24): That'S a problem. I thought you had a. I thought.
Speaker B (03:24 - 03:32): You had a business and stuff and you were looking just for somebody. I'm not really looking for promotion. No, I already. I got my hands full already.
Speaker D (03:32 - 03:32): I just.
Speaker F (03:32 - 03:33): I don't really.
Speaker B (03:33 - 03:37): Were you trying to sell them that? Like trying to open a page on Internet or something?
Speaker D (03:38 - 03:41): We're talking about creating a complete online presence, Fernando.
Speaker B (03:42 - 03:42): That is.
Speaker B (03:44 - 03:50): You got a. You got a customer that needs something done, you call me, I'll go do it for you. You got your commission, whatever and stuff.
Speaker E (03:50 - 03:53): But other than that, I'm not looking for nothing else.
Speaker D (03:53 - 03:53): Okay.
Speaker G (03:53 - 03:55): Appreciate your time, though. Thank you, sir.
Speaker B (03:55 - 03:56): Thank you, though. Okay, bye.
Speaker A (03:57 - 04:00): You have been kicked from this conference.
",,,DARWINSANCHEZ24,Fernando ,,"New York City, NY, ",Handyman/painting/tiles/remodeling/fixtures/,2,2,0,15561884,2,Fernando ,Handyman/painting/tiles/remodeling/fixtures/,"New York City, NY, ",Eastern,Low season,December,Consultative & Validating,Female,Yes,Yes,No,No,Yes,Not Angry/Frustrated,English,Yes,available,Agent,Novice,5,,TRUE,,32.4,67.6,Agent-Heavy,5,5,0,0,Surface-Level,No,1,3,1:03,Resistant,Confident & Assumptive,Customer,159,Yes,No,No,No,"Agent did not explicitly frame the call structure, time expectations, or process.",3,0,2,0,0,0,0,0,No,1,4,0,43,5,0,0,3,0.57,Occasional,Choppy,Somewhat Structured,FOMO; ROI Calculation; Assume the Sale,Personalization (II) before Reason for Call (II); Discovery (III) interspersed before Reason for Call (II),No,Yes,3,4,Professional,Yes,Yes,Declined,Neutral,Fluctuated,N/A,Negative,"Customer sentiment shifted from neutral/factual to skeptical when the agent delayed the reason for the call, then to negative/resistant after the value proposition was presented.",3,0,0,316,Value Proposition,Customer,75,No Commitment Secured,None,No,No,No,No,Disconnect - During Pitch/Value Prop,Not qualified/not interested,TRUE,,TRUE
16311618,2024555623,NOELMAULEONHULGUIN,12/23/2025 8:33,XFER,CP105,155,https://archive-sales.411locals.smartcarrier.io/RECORDINGS/2025-12-23/20251224-003333_CP105_NOELMAULEONHULGUIN-all.mp3,"Hello, please state your name after the tone, and Google Voice will try to connect you.
Hello.
Hello, sir. Uh, I still do mechanic work in Sparpoint?
Yeah.
Yes.
Oh, good. Uh, by the way, this is Noel. Uh, who am I speaking with?
Uh, Reese.
Oh, the owner, Sir Reese?
Yes.
Oh, nice. Uh, Reese, uh, by the way, I'm calling because we're servicing people in your area, servicing on last-minute auto service, and my manager asked me to reach out to a few local businesses that can actually take on more customers. Are you able to handle new customers?
Yes.
Oh, perfect. This case, uh, just to be clear, Sir Reese, so we're gonna quickly help connect customers who are already searching for your kind of service. And do you work Monday to Friday or weekends as well?
I work weekends as, uh, every other weekend, sorry. But yes, Monday through Friday.
Oh, good. Oh, that's perfect, sir. This case, uh, we're just leaving it to local businesses for potential placement in front of your customer searches, and my manager just wants to confirm which one fits the criteria. Uh, how long have you been doing the mechanic business?
Um, so I've been working on a car since I was about 14 years old. I am now 32 years old.
Oh, so you own your business since you were a child or what is that?
Um, no, I just, I don't own my business, so I, I grew up, um, down in the south, working on cars, working in the garage with my granddad, and I just, you know, took it on and, um, you know, I'm, I'm a car enthusiast, so on top of, you know, that hobby, I work on, like, people's cars, you know, on the side.
So, oh, wow. So you have more than 10 years experience.
Yes.
Experience. Wow, that's perfect, sir. And do you have a shop or you go mobile?
I go mobile.
I see. Actually, I have my manager who asked me to give you a call. I'll be transferring you to them, okay?
Okay.
Yes, hello, Sir Oscar. I have you Reese, spending mechanic and more than 10 years in the business.
Okay, excellent. Thank you. Hi, Mr. Reese, how you doing, sir?
I'm pretty good, yourself?",,,Oscar Ross,12/23/2025 8:35,IG112,https://archive-sales.411locals.smartcarrier.io/RECORDINGS/2025-12-23/20251223-083551_CP111_MANUELRAMIREZ-all.mp3,DISMX,UG142,212,"Mm, they see.
Actually, I have another manager who asked me to give you a call.
I'll be trying to speak to them, okay?
Okay.
Yes, hello, Sir Oscar.
I have here Mr. Ruiz, 10-year mechanic and more than 10 years in the business.
Okay, excellent, thank you.
Hi, Mr. Ruiz, how are you doing, sir?
I'm pretty good, yourself?
I'm doing excellent, thank you.
Thank you very much for asking, sir.
Yes, this is Oscar, Manager at 411 Local, sir, and we're looking for available company to work with Mr. Ruiz.
And we see an incredible amount of customers looking for auto repair.
And we want to know if you can take more customers for your business.
Yes, I can.
Excellent.
And so you have, you, you have 10 years of experience doing this auto repair service, right?
Yes, over 10 years.
Over 10 years, okay, plus 10.
All right, excellent.
So you have a lot of experience, which is good.
You do services, mobile services, or you have a location, Mr. Ruiz?
I do mobile services.
Mobile services.
And how far you can go to give those services?
Um, I, I sometimes I go state to state, so like Delaware, Pennsylvania, and uh Virginia.
But that's not, that's not too often, you know, but I can.
Okay.
But you, I'm pretty sure that you prefer, you know, uh working your local area so you don't have to go so far, you know, 20, 30 minutes average, right?
Yeah.
Yeah.
Okay.
And how do you normally get new customers for your business, Mr. Ruiz, by?
Um, via, via like Facebook, uh, uh, I have little cards and things like that that I pass around.
Okay.
So pretty much word of mouth.
Word of mouth, recommendation.
All right, that works too.
That the.
Of course that so, if someone is happy with the services that you offer, they will recommend you.
That's, that's for sure.
Yes, correct.
Which is a slow process that works always.
Okay.
And Mr. Ruiz, just for me to, uh, and please correct me if I'm wrong, uh, your zip code 21219, is that right?
Yes.
Okay.
All right, so I'm just checking right now in your local area.
And I see a total of oh, 769 searches looking for auto repair mechanical services in your local area, Mr. Ruiz.
And we want you, you know, to take advantage of of some of those customers.
So if we can put some of those customers in front of your business.
That will be something beneficial for your business, right?
Right.
So let me uh tell you who we are and and what we do.
Our company Mr. Ruiz is 411 Local, sir.
We're the biggest company for digital services.
We help small and medium business to grow.
So we watch the traffic of customers looking for the service that you offer.
So whenever someone is looking for auto repair services, mechanical services, uh brakes, suspension, a scan or any, you know, any word related with the services that you offer, now, Google will recognize those searches and will put your business in front of them.
Okay.
All right?
So, one of the first thing that we're going to do, Mr. Ruiz, you know, to catch those customers' attention will be build a website, professional website for your business.
I would like to show you first, Mr. Ruiz.",,,MANUELRAMIREZ,Reese ,,"Sparrows Point, MD 21219, MD, 21219",Mechanic,1,1,0,16311618,7,Reese ,Mechanic,"Sparrows Point, MD 21219, MD, 21219",Eastern,unknown,December,Robotic & Script-Bound,unknown,Yes,Yes,No,Yes,Yes,Happy/Optimistic,English,Yes,available,Agent,Novice,5,,TRUE,,28.6,71.4,Agent-Heavy,8,5,1,2,Surface-Level,No,2,0,2:00,Interested,Confident & Assumptive,Agent,15,Yes,Yes,No,No,Agent stated the purpose of the call but did not outline the process or set time expectations.,0,0,0,0,0,0,0,0,No,3.28,10,3,10,2,3,0,0,0,None,Agent-Heavy,Somewhat Structured,ROI Calculation; Closing/Payment Gathering,None,No,Yes,6,4,Professional,Yes,Yes,Stable,Neutral/Positive,Neutral/Positive,N/A,N/A,None,0,0,0,212,Value Proposition,Unknown,90,No Commitment Secured,None,No,No,No,No,Disconnect - During Pitch/Value Prop,Unclear - Recording ended abruptly,TRUE,,TRUE
16252057,2077073500,MARICELADVINCULA,12/2/2025 7:50,XFER,IG103,236,https://archive-sales.411locals.smartcarrier.io/RECORDINGS/2025-12-02/20251202-075023_CP108_MARICELADVINCULA-all.mp3,"Singapore calling for 411 locals. This is Kim. How can I help you today?
Sorry, who is this?
I'm Kim from 411 locals. How can I help you today?
411 locals.
Uh, you guys called me.
Okay. Thank you for calling us back. Um, it looks like my manager try to contact you earlier because we're looking for a reliable business that we can request.
Am I speaking to the owner of the um kitchen?
The kitchen store.
Yeah, what are you what are you what are you looking for?
Um, yeah. So are you still doing kitchen and bathroom remodeling?
Uh-huh.
Okay. Am I speaking to the owner?
Yeah.
Okay. Um, may have your name so I can address you properly?
Dave.
Dave. Okay. So Dave, let me connect you to my manager since he's the one who um actually contacted you earlier, okay?
So, um, are you are you doing this for residential only or you do commercial as well?
I thought you were connecting me to your manager.
Oh yeah, I'm connecting you. Just hold on.
All right. So uh Dave I'm connecting you to my manager now. Uh while we're waiting, um are you doing this for residential only or you do commercial?
No, we do everything.
Mm. Okay. For how long have you been doing the service?
Uh seven, eight years.
Okay. Just bear with me while uh my manager is while we're waiting for my manager. I'm actually connecting you to the manager now.
And basically you provide the service in main area, right? In Lewiston. Is that right?
Yeah.
In Maine.
Mhm. Okay.
All right, so it seems that my manager's busy right now. Let me connect you to other um other manager.
Just hold on.
Okay. I already have you my manager Dave. I have here Darwin.
Hi Darwin. I have here Dave uh calling us back uh can do um cabinet installation in um Lewiston, Maine and this business for seven to eight years now.
All right, that's great.
Hey there Dave. How you doing, sir?
Doing good. How are you?
Uh yeah, I'm doing very well myself. Thank you for asking, sir. And uh yeah, thanks",,,Darwin Sanchez,12/2/2025 7:53,IG114,https://archive-sales.411locals.smartcarrier.io/RECORDINGS/2025-12-02/20251202-075351_CP111_DARWINSANCHEZ24-all.mp3,NI,UG142,224,"Speaker A (00:00 - 00:12): Okay, I already have here my manager, Dave. I have here Darwin. Hi, Darwin. I have her, Dave, Calling us back. Kingdrell cabinet installation in Littleston, Maine. In this business for seven to eight years now.
Speaker B (00:13 - 00:15): All right, that's great. Thank you. Hi there, Dave.
Speaker C (00:15 - 00:15): How you doing, sir?
Speaker D (00:15 - 00:16): Doing good. How are you?
Speaker B (00:17 - 00:20): Yeah, I'm doing very well myself. Thank you for asking, sir.
Speaker E (00:20 - 00:22): And yeah, thanks for calling us in.
Speaker C (00:22 - 00:25): Are you putting this call or you.
Speaker B (00:25 - 00:26): You actually.
Speaker C (00:26 - 00:28): Or how did you find out about my company?
Speaker B (00:28 - 00:28): Find me asking.
Speaker D (00:29 - 00:34): I have no idea what we're even talking about. You called me and I'm calling you back.
Speaker C (00:34 - 00:39): Sorry about the confusion, Dave, but we're actually looking for a cabinet installation business.
Speaker B (00:39 - 00:45): Would like to work with in the area. And I suppose you're based out of Lewiston, Maine, right?
Speaker E (00:45 - 00:47): No, we're not based out of Lewiston.
Speaker D (00:47 - 00:49): Maine, but we cover Lewiston, Maine.
Speaker B (00:49 - 00:50): We cover that area.
Speaker E (00:50 - 00:50): Okay.
Speaker C (00:50 - 00:54): And I'm actually under the impression that you're still open to take on more work, right?
Speaker D (00:55 - 00:55): We are.
Speaker B (00:55 - 00:56): Okay, very good.
Speaker E (00:56 - 00:58): I'd like to ask you just a.
Speaker C (00:58 - 00:59): Couple questions, though, if you don't mind.
Speaker B (00:59 - 01:03): I just want to see if this is going to be a good fit. All right, that makes sense.
Speaker E (01:03 - 01:05): So, like, I can see that you've.
Speaker C (01:05 - 01:06): Been in business seven to eight years.
Speaker B (01:06 - 01:07): Now, is that right?
Speaker E (01:07 - 01:09): That's what we said. Yep.
Speaker B (01:09 - 01:10): Yeah. Congratulations, sir.
Speaker C (01:10 - 01:13): And are you the sole owner or like, how many owners are there?
Speaker E (01:13 - 01:15): Yep. Okay.
Speaker B (01:15 - 01:17): And you do mainly cabinets, right.
Speaker C (01:17 - 01:20): Do you do customs or custom cabinets or just mainly insulation?
Speaker E (01:21 - 01:23): Mainly cabinets, yeah, mainly cabinets.
Speaker C (01:23 - 01:25): Do you do custom work or just install?
Speaker D (01:25 - 01:27): Yeah, we can do custom work.
Speaker B (01:27 - 01:28): All right.
Speaker C (01:28 - 01:34): Now the reason we're calling, Dave, is because my company specializes in watching traffic.
Speaker B (01:34 - 01:42): Of search terms on the Internet. And we are seeing a significant increase of demand going on. A lot of people searching, looking for service.
Speaker C (01:42 - 01:43): You know how it is.
Speaker B (01:43 - 01:47): People nowadays, every time they look for something they like to buy, they typically just Google it.
Speaker E (01:47 - 01:49): Right, Right.
Speaker C (01:49 - 01:58): In fact, if you talk about Lewiston, the surrounding area is about 50 mile radius. For the entire month of November last month, I'm actually seeing here a total.
Speaker B (01:58 - 02:11): Of over 5,912 searches from people going online looking for somebody who does cabinet installation service. That's a lot of searches, right? Over 5,000. What we do is we can help you find you.
Speaker C (02:11 - 02:19): For example, somebody goes online, they go to Google, they type in cabinet installation service. Even if they don't know you, they're.
Speaker B (02:19 - 02:23): Gonna see your business name and your phone number popping up on first page every time.
Speaker D (02:23 - 02:27): Now that just like, if we go to Townstar Media or anything like that? Is that what you're saying?
Speaker B (02:28 - 02:28): That's.
Speaker C (02:28 - 02:30): I mean, yeah. You worked with those guys before?
Speaker B (02:30 - 02:31): Or are you with.
Speaker C (02:31 - 02:32): Are you with them right now?
Speaker D (02:33 - 02:34): Yeah, we're on boarding with them right now.
Speaker C (02:34 - 02:36): And how long you been with them now, Tommy?
Speaker D (02:36 - 02:38): Oh, no, we're just on boarding with them now.
Speaker C (02:38 - 02:39): Oh, you just signed up?
Speaker E (02:40 - 02:40): Okay.
Speaker C (02:40 - 02:41): And.
Speaker E (02:41 - 02:46): Okay, well, I hope it works out for you, but I appreciate your time, Dave. Thanks for calling in, sir. Great, thanks.
",,,DARWINSANCHEZ24,Dave-owner ,,"Lewiston, ME, , ",,1,1,0,16252057,30,Dave-owner ,,"Lewiston, ME, , ",Eastern,Low season,December,Consultative & Validating,Female,Yes,UNKNOWN,No,Yes,Yes,Mixed Emotional Signals,English,Yes,available,Agent,Novice,5,,TRUE,,19.7,80.3,Agent-Heavy,8,4,4,0,Surface-Level,No,0,3,0:03,Resistant,Confident & Assumptive,Agent,75,Yes,Yes,Yes,Yes,Briefly outlined purpose and question-based process,3,3,1,100,0,0,0,0,No,1.22,10,1,42,4,1,0,2,0.53,Occasional,Agent-Heavy,Somewhat Structured,"VI, VII",No,No,Yes,2,3,Professional,Yes,No,Declined,Skeptical,Skeptical,Not Found,Skeptical,Shift from initial confusion to skepticism/resistance after agent's pitch and customer's mention of competitor.,1 frustration,1,100,224,Value Proposition,Agent,35,No Commitment Secured,None,No,No,No,No,Disconnect - During Pitch/Value Prop,Not qualified/not interested,TRUE,,TRUE
16279751,2036762400,NOELMAULEONHULGUIN,12/10/2025 11:57,XFER,CP105,303,https://archive-sales.411locals.smartcarrier.io/RECORDINGS/2025-12-10/20251211-035716_CP105_NOELMAULEONHULGUIN-all.mp3,"Speaker A (00:00 - 00:00): Foreign.
Speaker A (00:09 - 00:13): Hello, sir. I still do power washing in Hernando.
Speaker B (00:13 - 00:14): Yes, I do.
Speaker A (00:14 - 00:18): Oh, good. By the way, this is Noel. Who am I speaking with?
Speaker B (00:18 - 00:19): This is Thomas.
Speaker A (00:19 - 00:20): Oh, the owner, sir. Thomas.
Speaker B (00:20 - 00:21): Yes, yes.
Speaker A (00:21 - 00:37): Oh, nice, Thomas. By the way, I'm calling because Christine is for your. In your area, especially on our service. And my manager asked me to reach out to local businesses that can actually take on more customers. Are you able to handle new customers in Hernando?
Speaker B (00:37 - 00:46): Yeah, but you guys keep calling me and I keep telling you guys, it's freezing. Nobody's power washing in Connecticut. What are you talking about? Hernando or Connecticut?
Speaker A (00:46 - 00:49): Hernando, Florida. Oh, oh, oh, yeah. Okay.
Speaker B (00:49 - 01:01): Because I keep getting calls from Connecticut and I. I moved from there and I just got my LLC in Florida now, so I thought you guys are calling again every day. They call me from Connecticut.
Speaker B (01:04 - 01:07): What is this like a service to get me new customers?
Speaker A (01:08 - 01:08): Yes, sir.
Speaker B (01:09 - 01:11): And what is the cost of this?
Speaker A (01:11 - 01:23): For the cost, sir, the manager will be the one to discuss that. My manager just wants to confirm first which one fits the criteria. How? Have you been more than a year in the business?
Speaker B (01:23 - 01:24): Yes.
Speaker A (01:24 - 01:27): Oh, good. And you said that you have an llc, right?
Speaker B (01:27 - 01:27): Yes.
Speaker A (01:27 - 01:47): Oh, perfect. By the way, sir Thomas, just to be clear, we're not in support. We have customers or we help businesses connect to customers that are searching for a kind of service in the area. And while waiting for my manager, sir, do you work Monday to Friday or weekends as well?
Speaker B (01:47 - 01:48): Monday through Friday.
Speaker A (01:48 - 01:50): Oh, so you don't do weekends, I see.
Speaker B (01:52 - 02:06): I mean, I could work weekends depending. I try not to, but you know, sometimes. Sometimes it is what it is. I'd rather get the job done when the customer is not home and come home and they got a brand new clean house. That's how I operate. They don't need to be home.
Speaker A (02:06 - 02:17): Oh, nice. So it's okay to you that you're not under supervised by the owners? Nice. Because usually this kind of business.
Speaker A (02:18 - 02:27): The customers really want to make sure everything. That's good to know. Do you do commercial as well or just residential?
Speaker B (02:27 - 02:28): No, just residential.
Speaker A (02:29 - 02:37): I see. And by the way, sir, how do you do your estimation? Like, do you ask for pictures first or you need to go to the property?
Speaker B (02:37 - 02:51): No, I go to the property. You can't sell a picture. You can't sell a picture. You need to look on because you need to see what size ladders you need, how much equipment you need, how big a job on. A little picture doesn't tell you nothing, you know.
Speaker A (02:52 - 03:01): Yes, I understand that one. And by the way, sir, do you do driveways only or you can do wall windows?
Speaker B (03:01 - 03:04): I do residential homes. Vinyls driving.
Speaker A (03:04 - 03:16): Oh. So anywhere. Oh, nice. That's good to know, sir. And Leslie, sir, do you have like a pictures website or social media like Instagram?
Speaker B (03:16 - 03:38): Yeah, I just got my llc. I'm working on all of that. I had a website. You're calling me on my Connecticut number. So you guys are. I don't know how you're calling me asking me about Hernando and his phone number. Because I have a Hernando phone number. That doesn't make sense to me neither. So I don't know how you got this number talking about Hernando. So you confuse me.
Speaker A (03:38 - 03:41): Oh, it might be our.
Speaker A (03:43 - 04:03): Team that found your phone number saw that you're in Hernando and you do power washing. That could be the reason. Actually, I have now my manager who asked me to give you a call. I will be transferring you to them. Okay. Okay. Yes, Hello, Mam. Ice. I have you, sir. Thomas can do car Washington, Hernando more than a year in the business and have ll. Hi, Thomas. How are you?
Speaker B (04:04 - 04:05): All right. How you doing?
",,,Ice Bello,12/10/2025 11:59,IG112,https://archive-sales.411locals.smartcarrier.io/RECORDINGS/2025-12-10/20251210-120145_CP111_ISIREABELLO-all.mp3,HU,UG142,929,"Speaker A (00:00 - 00:06): That doesn't make sense to me neither. So I don't know how you got this number. Talking about Hernando, so you confuse me.
Speaker B (00:06 - 00:09): Oh, it might be our.
Speaker C (00:11 - 00:12): Team that.
Speaker D (00:12 - 00:23): Found your phone number, saw that you're in Hernando and you do power washing. That could be the reason. Actually, I have now my manager who asked me to give you a call. I will be transferring you to them. Okay?
Speaker A (00:23 - 00:23): Okay.
Speaker D (00:23 - 00:24): Yes. Hello, Mam.
Speaker C (00:24 - 00:24): Ice.
Speaker D (00:24 - 00:29): I have you, sir. Thomas, do power washing in Hernando. What a new year in the business and have ll.
Speaker B (00:30 - 00:31): Hi, Thomas, how are you?
Speaker A (00:32 - 00:33): All right. How you doing?
Speaker C (00:33 - 00:34): Well, I'm doing great.
Speaker B (00:35 - 00:36): Have nothing to complain.
Speaker C (00:36 - 00:37): Thanks for asking.
Speaker B (00:38 - 00:39): This is Ayes Bello, one of the.
Speaker C (00:39 - 00:53): Area managers of four women locals here. 411 local respondents that's running over company. And I asked my assistant to call you because we're looking for a reliable business in the area that we can work with.
Speaker B (00:53 - 00:55): So I'm just going to ask a.
Speaker C (00:55 - 00:58): Few quick questions to see if it's going to be a good.
Speaker B (00:58 - 01:00): So, Thomas, what kind of job do.
Speaker C (01:00 - 01:01): You usually take on?
Speaker A (01:02 - 01:09): I take on residential, residential, commercial power washing. Not commercial residential power washing.
Speaker C (01:09 - 01:18): Residential. Great. And which areas do you prefer going to or which areas are your most profitable or best for your job?
Speaker A (01:19 - 01:23): Right in Hernando, Florida, right around this area, like a 15 mile radius.
Speaker C (01:23 - 01:24): Awesome.
Speaker B (01:24 - 01:28): And just show us a zip code of 34442, right?
Speaker C (01:28 - 01:30): Just when I confirm correct?
Speaker A (01:30 - 01:30): Yes.
Speaker C (01:30 - 01:31): Awesome.
Speaker B (01:32 - 01:33): And do you have people helping you.
Speaker C (01:33 - 01:36): Out or is just you doing it alone for the meantime?
Speaker A (01:36 - 01:38): Just me doing it by myself.
Speaker C (01:38 - 01:38): Wow.
Speaker B (01:38 - 01:41): And how long has it been that you've been doing this alone?
Speaker A (01:41 - 01:42): 13 years.
Speaker B (01:42 - 01:45): Wow. Well, that really speaks to quality of.
Speaker C (01:45 - 01:46): Service you can provide.
Speaker B (01:47 - 01:49): So if I were to send you.
Speaker C (01:49 - 01:53): 30 leads in a month, Thomas, how many would you be able to close.
Speaker A (01:53 - 01:56): Or to accommodate if you were to send me? What?
Speaker B (01:56 - 01:59): If I were to send you 30.
Speaker C (01:59 - 02:03): Leads in a month, how many would you be able to close or to accommodate?
Speaker A (02:03 - 02:04): Probably all of them.
Speaker C (02:04 - 02:09): I love that. Well, that's the spirit and the mindset of a business owner we're looking for.
Speaker B (02:09 - 02:11): Now, speaking of leads, so how do.
Speaker C (02:11 - 02:14): You generate customers now or how do you go and get more customers?
Speaker A (02:14 - 02:33): Well, right now I just moved to Florida, so my business was in Connecticut. So now I just got my LLC and I'm waiting for all my paperwork to come in the mail so I could start proceeding everything. And starting out here, can I do everything on Marketplace and Facebook and I'm going to do a TikTok.
Speaker B (02:34 - 02:36): I love that you Know that only.
Speaker C (02:36 - 03:22): Means you really see the benefit of being online. And you know what, I'm really glad Mrs. And called you. This is just perfect for you because our company Summers, we specialize in monitoring the traffic of search trends online. And the main reason that we called, because we're seeing increase in demand and the number of people that are looking and are searching for your type of service. In fact, for the past 30 days in the area for pressure washing, there's about 865 number of searches from people that are looking for your type of service. They just can't find you yet. That's why they cannot reach you. If I can put your company right in front of these customers who are already interested and are already looking for the service, for sure that will be very beneficial for the company, right? Yes, yes, absolutely.
Speaker B (03:23 - 03:24): Now, I don't know, I don't know.
Speaker A (03:24 - 03:25): How much is this going to cost?
Speaker C (03:25 - 03:27): That's a very good question.
Speaker B (03:27 - 03:29): Well, I promise you, Adam, I promise.
Speaker C (03:29 - 03:32): You'Re going to be happy with me about that. And I'm almost there.
Speaker B (03:33 - 03:34): Let me give you the full benefits.
Speaker C (03:34 - 03:40): Real quick and we'll get down to the cost. If you like it, we can move forward. If you don't, then we can part ways with them.
Speaker B (03:40 - 03:45): I just want to ask, well, do you know the company Nature Coast Softwash?
Speaker A (03:46 - 03:46): No.
Speaker C (03:46 - 03:51): How about Pain and Pressure Cleaning llc? Does it ring a bell?
Speaker A (03:51 - 03:52): No.
Speaker C (03:53 - 04:18): Well, to be honest, I don't know them. I'm just asking because these are the companies right now in the area that I'm seeing on the first page getting the phone call and I don't see your company name here yet. That's why we called you, because we want to put your name front and center above them. That way customers can reach you directly. Especially today, over 80% of people are going online to look for what they need, even clothing.
Speaker A (04:18 - 04:27): Yeah, but I have an agent working with me on all of that stuff. I'm supposed to be getting my webpage and everything designed tomorrow afternoon and stuff.
Speaker A (04:29 - 04:34): I have emailed. I just did Power Washington for Florida.
Speaker B (04:34 - 04:37): Well, that's even great, Thomas. Of course.
Speaker C (04:37 - 04:40): Adam, I'm not here to change whatever you have, whatever you could be doing.
Speaker B (04:41 - 04:42): Just for you to really see and.
Speaker C (04:42 - 04:47): Then compare of what we can do better here. And if you don't like it, I'm not gonna bother you anymore.
Speaker B (04:47 - 04:49): So let me tell you about Sphere.
Speaker C (04:49 - 05:46): Real quick and how exactly this works. So again, our company summit is 411Locals, one of the largest SEO companies in the country. We're one of the handful of certified Google partners worldwide. So we've been doing this for 18 years now and we've already helped over 70,000 customers. And coding, they've stayed with us year in, year out. It's not because they have to, but because they're making money and they're happy with what they're getting. So what we're going to do, we build you a complete online presence that covers any way new customers would look for online. So just imagine this. Anytime new customers would go online, when they go to Google and they search for a reliable pressure washer in the area, or if they search for a pressure washing company near me, we make sure not so much that they see your business name, your phone number and your website front and center above your competition.
Speaker B (05:46 - 05:48): So Thomas, what do you think will.
Speaker C (05:48 - 05:54): Happen if it's always your name and your phone number customers will find whenever they need the service?
Speaker A (05:54 - 05:54): Great.
Speaker C (05:55 - 06:03): What do you think will happen or what do you think they'll do if it's your name and your phone number they're gonna see you and they're gonna find whenever they need to wash in.
Speaker C (06:05 - 06:09): Okay, for sure. That will give you the opportunity to call you directly.
Speaker B (06:09 - 06:10): Right.
Speaker C (06:10 - 06:12): And that means more than right.
Speaker B (06:13 - 06:17): So how we do that for you first is we put your company on.
Speaker C (06:17 - 06:25): The first page of Google under the services you provide and the services that make you the most money. And that's what we guarantee here.
Speaker B (06:25 - 06:29): So even if customers don't know you, even if they don't know your business.
Speaker C (06:29 - 06:39): Name, but whenever they search and they type in the services or the keyword, your company automatically pops up and they will call you naturally, because they're going to see as the best.
Speaker B (06:40 - 06:42): Now, as a business owner, pretty much.
Speaker C (06:42 - 06:45): You see the value of getting reviews from your customers.
Speaker B (06:46 - 06:46): Right?
Speaker C (06:47 - 06:47): Right.
Speaker A (06:47 - 06:48): Absolutely.
Speaker C (06:48 - 06:50): So that's what you do best here.
Speaker B (06:50 - 06:52): So we're going to make it easier.
Speaker C (06:52 - 06:55): For all of your customers to be able to put reviews for you.
Speaker B (06:56 - 06:58): Now these reviews are right there on.
Speaker C (06:58 - 07:08): The first page listing. So once someone puts their view on what a great or awesome job you did, then that's an instant credibility. Then customers will choose you over your competition.
Speaker B (07:08 - 07:11): Now, since most of the customers use.
Speaker C (07:11 - 07:19): SM or tablets powered by Google, your company summits will be front and center over Google Maps and Google Voice search.
Speaker B (07:20 - 07:23): Now, part of the package is creating.
Speaker C (07:23 - 07:27): And maintaining your website. In fact, I just created you a sample, I sent it to you, but.
Speaker B (07:27 - 07:28): You'Ve said earlier that you already have.
Speaker C (07:28 - 07:30): A website that's on process.
Speaker B (07:30 - 07:32): And Thomas, if you want to make.
Speaker C (07:32 - 07:39): It to that website. What we're going to do is create a backlink to your website to make sure that it really generates traffic to your business.
Speaker B (07:40 - 07:41): Because, you know, Asami, even if you.
Speaker C (07:41 - 07:49): Have the most beautiful website, but if customers cannot even find and cannot see it, it's not going to do you any good. Am I making sense?
Speaker A (07:49 - 07:50): Yes, I follow you.
Speaker B (07:51 - 07:54): Thank you. So that's why with our program, we.
Speaker C (07:54 - 08:09): Make sure that you have a website fully optimized and designed to be on the first page where everyone can see. Because our system knows exactly what your competitors are doing to get to the first page. And it copies those same best practices for industry.
Speaker B (08:09 - 08:11): You will also have your own customer.
Speaker C (08:11 - 08:29): Dashbo, because we want to be transparent with you. So we're going to give you your own customer dashboard where you can see and monitor the progress every day. And through the customer dashboard, Thomas, you're going to see there how many customers have called you, how many customers have reached your business through our campaign.
Speaker B (08:30 - 08:31): Now here's more.
Speaker B (08:32 - 08:35): Thank you. Now, for sure, Thomas, you've heard or.
Speaker C (08:36 - 08:46): You'Re quite familiar with Yelp, Angie Shipper pages, Nanta, those relevant online directories. You're quite familiar with some of those, right?
Speaker A (08:46 - 08:46): Yes.
Speaker C (08:47 - 08:47): Great.
Speaker B (08:47 - 08:49): Because we're not just putting in the.
Speaker C (08:49 - 09:21): First page of Google, we're not just creating your website, but we're also going to be listing your company in over 50 online directories and phone book listings so that no matter where customers search online, they're always going to find you. That way they can contact you directly and they can pay directly. And you don't even have to pay each directly just to be listed in there because that's part of the package we have for you. So this is the maximum online exposure and a complete online presence that we have for your business.
Speaker B (09:23 - 09:26): And you know, Thomas, it's almost impossible.
Speaker C (09:26 - 09:30): Not to make money out of this package because again, we're putting your.
Speaker A (09:30 - 09:33): But how much is this package? How much is this package?
Speaker B (09:34 - 09:37): Great question. Well, before we get down to that.
Speaker C (09:37 - 09:40): Thomas, before we get down to the most exciting part, well, if you just.
Speaker A (09:40 - 09:47): Told me we could just save all that extra time that you get. You keep reading stuff and wasting the timeline to just get to the point. That way we can hang up.
Speaker C (09:48 - 09:48): Sure.
Speaker B (09:48 - 09:50): Well, we want to earn your business first.
Speaker C (09:50 - 09:55): We want to prove to you, Thomas, what we're capable of in terms of helping out your business. So today.
Speaker C (09:57 - 10:05): I'll give this package to you for only 49.99 and we'll start working for you right away. We're not going to be wasting time.
Speaker B (10:05 - 10:10): That includes everything. The website, the first page, placement in.
Speaker C (10:10 - 10:15): Google, Google Maps and Google Voice search, online directories and phone book listings.
Speaker B (10:16 - 10:19): So 49 and 99, that's the setup.
Speaker C (10:19 - 10:25): Fee to get you started and will show you how exactly the program works. And then after a month.
Speaker B (10:25 - 10:26): Sit with me.
Speaker A (10:26 - 10:38): You know what I look, everything, I got everything set up for tomorrow. So I mean I don't have to pay for it because I'm already, I already have it all set up because it comes with my LLC and the people that I got helping me.
Speaker B (10:38 - 10:43): That's why, that's why we're not going to change that. If you want to make use of that website, we're going to create a.
Speaker C (10:43 - 10:47): Backlink to that website from us. Sub PCs can also generate traffic to your business.
Speaker B (10:47 - 10:48): So how much are you paying for.
Speaker C (10:48 - 10:50): That though, if you don't mind asking?
Speaker A (10:51 - 11:07): I paid a company to do my, get my llc, my ein number, and they got a web designer and all this stuff going on. So I'm already in the process. I, I'm, I'm just waiting for my paperwork, but they're supposed to be tomorrow. For what?
Speaker B (11:07 - 11:10): For the website alone or for everything that they've done?
Speaker A (11:11 - 11:32): It's a package, it's a package deal that I got. I, I, and they paid for my, my, I paid like 200 bucks and, and they got my, my LLC and I had a priority mail express sent. That was the next year. I got an ein, I have a website, I got an email, they send me a business card, a magnet's on my truck.
Speaker B (11:32 - 11:36): Aside from that, aside from the 200, do you pay monthly as well for.
Speaker C (11:36 - 11:41): The maintenance or it's just one time? They give you the website and then it's yours?
Speaker A (11:41 - 11:43): No, there's not. Yeah, it's mine.
Speaker C (11:43 - 11:50): There you go. So that means they're not optimizing it, they just created the website and give it to you. That's it.
Speaker B (11:50 - 11:52): Because that's how it works with some.
Speaker C (11:52 - 11:53): Other companies out there.
Speaker B (11:53 - 11:55): They create and design you a website.
Speaker C (11:56 - 11:57): Just for the sake of having a website.
Speaker B (11:58 - 12:00): But with our program here, we're not.
Speaker C (12:01 - 12:10): Going to stop by creating your website, but we optimize it. We manage and monitor everything to make sure that every time customers would search.
Speaker B (12:10 - 12:12): For the service, they don't have to.
Speaker C (12:12 - 12:25): Search for your domain, they don't have to search for your company name, but just by typing in the services or the keywords, your website, your company name, your phone number will pop up. That's how we do it for you.
Speaker A (12:25 - 12:41): All right, well, I'm gonna. I'm gonna. I'm gonna deal with these people tomorrow. I don't want to pay nothing out the pocket right now. I got a lot of. A lot of expenses that I've been paying the last couple days for this business, and I'm trying to get that taken care of before I make another move with another expense.
Speaker A (12:43 - 12:48): Everybody wants me to pay them to make money, but I'm not making money. You understand what I'm saying?
Speaker B (12:49 - 12:53): Well, to be honest with you, Summer, I'm not even paid with a 49.
Speaker C (12:53 - 13:06): Our company is not making money out of that. We're investing a lot on this campaign just to start with the website we're creating for you. It's not just a simple or basic website here. We're creating a website that is worth $800.
Speaker B (13:07 - 13:09): Optimizing your business on the first page of Google.
Speaker C (13:09 - 13:15): We're investing $300 for that. And then listing your business all in directories and phone book listings.
Speaker B (13:16 - 13:19): Just say you have been kicked from this conference.
Speaker C (13:20 - 13:21): You get lost.
",,,ISIREABELLO,Thomas ,Tomas Powerwashing llc,"Hernando,, FL, 34442",Power Washing,1,1,0,16279751,15,Thomas ,Power Washing,"Hernando,, FL, 34442",Eastern,Low season,December,Consultative & Validating,unknown,Yes,Yes,No,No,Yes,Angry/Frustrated,English,Yes,available,Agent,Transactional,5,,TRUE,,30.58,69.41,Agent-Heavy,9,5,4,0,Surface-Level,No,3,7,3:07,Resistant,Confident & Assumptive,Agent,23,Yes,Yes,Yes,Yes,"Agent stated: ""I'm just going to ask a few quick questions to see if it's going to be a good fit."" and ""Let me give you the full benefits real quick and we'll get down to the cost. If you like it, we can move forward. If you don't, then we can part ways with them.""",7,7,5,100,3,0,0,3,No,2.42,10,6,30,6,4,2,0,0,None,Agent-Heavy,Structured,ROI Calculation,None,No,Yes,3,3,Professional,Yes,No,Declined,Positive,Skeptical,Fluctuated,Negative,"Customer's sentiment shifted from positive/cooperative in the opening to skeptical after the first price question and mention of an existing solution, then further declined to frustrated/resistant after repeated price pushback and complaints about the agent's pace, ending with firm resistance due to budget and existing commitments.",2 frustrations,2,100,789,Closing/Payment Gathering,Customer,204,No Commitment Secured,None,Yes,No,No,No,Disconnect - Post-Price/ROI,Existing solution/Budget/Timing,TRUE,,TRUE
16263443,2024229914,GREGPHILIPSALAZAR,12/5/2025 9:15,XFER,CP105,233,https://archive-sales.411locals.smartcarrier.io/RECORDINGS/2025-12-05/20251206-011455_CP105_GREGPHILIPSALAZAR-all.mp3,"Speaker A (00:09 - 00:10): Hello.
Speaker B (00:10 - 00:15): Oh, hello, sir. Do you still do remodeling handyman service?
Speaker A (00:15 - 00:16): Yes, I do.
Speaker B (00:16 - 00:18): How are you doing today, sir?
Speaker A (00:18 - 00:19): I'm good, how are you?
Speaker C (00:19 - 00:21): I'm doing well, thank you for asking.
Speaker B (00:21 - 00:23): Well, this is Greg for your speaking.
Speaker C (00:23 - 00:25): Life, how maybe you can help me.
Speaker B (00:25 - 00:28): I'm actually, sir, calling because we do.
Speaker C (00:28 - 00:36): See several customers interested for remodeling and handyman service online. MA manager asked me to look for.
Speaker B (00:36 - 00:42): Someone can accommodate customer. And this is due at Derek Home Remodeling and Repair.
Speaker C (00:42 - 00:43): Right.
Speaker A (00:43 - 00:45): You got it? Yep. This is Derek of Do it, Derek.
Speaker C (00:46 - 00:50): Thank you. And you're the owner, Derek, right, Of the business.
Speaker A (00:50 - 00:51): That's right.
Speaker B (00:52 - 00:56): Do you do, sir, mainly residential or.
Speaker C (00:56 - 00:58): You also do commercial, Derek?
Speaker A (00:58 - 01:02): It depends on the job at the commercial. But we've done commercial.
Speaker C (01:02 - 01:04): So this is mainly residential, right?
Speaker A (01:05 - 01:05): Yeah.
Speaker B (01:06 - 01:08): And you do offer Derek free estimator.
Speaker C (01:09 - 01:10): Or you do charge for an estimate?
Speaker A (01:12 - 01:16): The estimates are free, but again, it depends on how big the estimate is and the work detail.
Speaker C (01:16 - 01:17): Thank you.
Speaker B (01:17 - 01:20): And you're fully insured, Derek, right?
Speaker A (01:20 - 01:21): That's right, yep.
Speaker B (01:21 - 01:22): And if you don't mind me asking.
Speaker C (01:22 - 01:25): Derek, how many years you're running the business experience?
Speaker A (01:26 - 01:37): Sure. The business itself is new, but I've been doing home renovation work for the last 10 years and my crew has been at it for longer than that. They've been at it for probably 15.
Speaker C (01:37 - 01:38): 15 years. Thank you.
Speaker B (01:39 - 01:41): So you do have someone who help.
Speaker C (01:41 - 01:43): You with the business or crew?
Speaker B (01:43 - 01:45): How many crew do you have?
Speaker A (01:46 - 01:48): I just have a. Sure, I've got a crew of one.
Speaker A (01:51 - 01:53): I have one crew and then together we're four.
Speaker C (01:54 - 01:56): All right, thank you. One moment here, sir.
Speaker A (01:57 - 01:59): I'm sorry, who did you say? Who did you say you were with?
Speaker B (01:59 - 02:03): Oh, I'm calling Derek in behalf of 411Locals.
Speaker C (02:03 - 02:09): The name of the company called 411Locals? Yes, sir, that's the name of the company I'm calling there.
Speaker A (02:09 - 02:10): Okay, got it. Thank you.
Speaker B (02:11 - 02:14): One moment there. So you're open, Derek, Monday to Saturday.
Speaker C (02:15 - 02:20): Or you work seven days a week, right? Or Monday through Saturday only?
Speaker A (02:20 - 02:21): Yeah, yeah, Monday through Saturday.
Speaker B (02:22 - 02:26): And do you offer emergency call, Derek?
Speaker A (02:26 - 02:26): No.
Speaker C (02:26 - 02:27): All right, no worries.
Speaker B (02:28 - 02:31): Hi, I do have Derek, the owner can accommodate customer.
Speaker C (02:31 - 02:35): Thank you. Hello, Derek, It's Friday. How you doing today?
Speaker A (02:35 - 02:36): Good, good. How are you?
",,,Benjamin Franklin,12/5/2025 9:17,IG114,https://archive-sales.411locals.smartcarrier.io/RECORDINGS/2025-12-05/20251205-091836_CP111_ERNESTOALFAROCORONA-all.mp3,NI,UG142,366,"Speaker A (00:01 - 00:08): Hi, I do have Derek, the owner can accommodate customer. Thank you. Hello, Derek. It's Friday. How you doing today?
Speaker B (00:08 - 00:09): Good, good.
Speaker A (00:09 - 00:27): How are you doing? Good, thanks for asking, sir. Appreciate you. But I was going to ask you to call. I was going to ask you to call you, sir. I'm looking for example business and area that does want to take on more new customers, Derek. And that's because we see our searching people online searching for modeling services. We wanted to see if this can be a good match for your business. Yep.
Speaker B (00:27 - 00:28): Tell me what you got.
Speaker A (00:28 - 00:32): Hey Duke, what kind of work do you guys usually take on at the moment or specializing at the most?
Speaker B (00:32 - 00:42): It's primarily home remodeling and repairs. So we do a little bit of everything. You can see roofing, bathrooms, kitchen floor refinishing, painting, patching, door installation.
Speaker A (00:43 - 00:51): Oh, nice. Nice. Okay, you guys check wall streets, right? Doing all the residential work. You guys do commercial as well? A lot of commercial work at the moment.
Speaker B (00:51 - 00:54): Got it. It's primarily residential, but we're not opposed to doing commercial.
Speaker A (00:54 - 01:01): Nice. All right, you guys only covering in Washington or do you guys travel out of state sometimes or just stay local?
Speaker B (01:02 - 01:06): We tried to stay local, but we'll go to the surrounding counties. So like the DMV area.
Speaker A (01:06 - 01:17): DMV area. Oh, nice. That's good coverage, sir. Okay, you guys only get people that call you through referrals or subcontracts with bigger companies or you guys have like marketing or like a sales team that helps you get customers as well.
Speaker B (01:18 - 01:21): We just started our doing more stuff online. Up to now it's been word of mouth.
Speaker A (01:22 - 01:29): All right, nice, sir. Okay, you have been looking to do like a website, doing ads like a meta Facebook or buying leads.
Speaker B (01:30 - 01:41): Eventually, mentally, right now we're. Yeah, let's just off the bridge if we want to grow. Right. Right now we're just one crew. If I choose to take on more crew than we would probably advertise.
Speaker A (01:41 - 02:10): Definitely, definitely, definitely guide you with that, sir. Look, it's very understandable. It's common user. We have a department that specializes on watching the Chapter 20 any type of industry during Washington, sir. There's 3,397 searches on the past 30 days for remodeling services online. Right. So basically what I wanted to do in your business, Derek, is offer you to build your online presence so he can make you visible in front of these instant customers online so they could potentially call you more directly. Alright. Is that something you've been interested in right now?
Speaker B (02:10 - 02:13): Not a good time. No. Yeah, not a good Time, you did.
Speaker A (02:13 - 02:17): Mention you guys are booked up with a lot of work, right? Are you guys, like, booked up for like, next six months?
Speaker B (02:17 - 02:21): No, we're not, but I'm just not ready to invest in marketing at this point.
Speaker A (02:21 - 02:30): I give you the option, right? Give you information. That way, once you're ready for this, you can give us a call or even consider us, at least. I'll give you a quick rundown, like two minutes. Sounds good.
Speaker B (02:30 - 02:31): Sure. Yep.
Speaker A (02:31 - 02:38): Now, while I was mentioning visibility, what do I mean by that? I don't know if you heard of a company called DC Ready Remodeling.
Speaker B (02:38 - 02:39): No, I haven't.
Speaker A (02:39 - 02:46): No. Case that Architecture Remodeling or RC Home Services and Remodeling. Familiar with those guys?
Speaker B (02:46 - 02:46): What about them?
Speaker A (02:46 - 03:11): No, it doesn't work right now, 75% of people, when they go online, calling these guys because they're being recommended by Google. Right. They have good visibility. Okay, so that's basically the same type of visibility you want to give you, sir. All right? That's what you specialize in. You never try. I mean, I know you mentioned you haven't done any type of marketing before. Derek, do you have any social media accounts, at least something organic you built up so far?
Speaker B (03:11 - 03:13): Nope. Just out of the Yelp page the last week.
Speaker A (03:13 - 03:34): Oh, Yelp. Okay. There you go. You have yups. Com, right? It's good. So basically, Yelp is good. Search on organic listing. Think about it. Like, people have to have to type in your business to find you on here. Because realistically, Derek, think about this, right? If you want to search up a service, restaurant, or any type of thing you need right away, if I was to ask you, Derek, what type of app do you use normally yourself or like, search engines?
Speaker B (03:34 - 03:35): My phone. Sure.
Speaker A (03:36 - 03:53): Please. The Internet. Right. The Google. Right. The Google Maps, Yahoo. Bean Safari, Apple. Right. Let me ask you this. What would you think can possibly happen if I make sure your company name's showing up on the front page, too? Derek, the modeling is showing up on the front page every single time someone searches up our modeling service. And they can find you up there.
Speaker B (03:53 - 04:05): Sure. I'll be straight with you. You are the fifth person to call me today alone to offer me, like, improved marketing and online business. The fifth person today. I had four people call me yesterday.
Speaker A (04:05 - 04:10): Oh, from my. I'm sorry, this is the first time we're calling you. Right. Probably a different company was trying to reach out to you, right?
Speaker B (04:10 - 04:14): Yeah. So, yeah, I'm losing my patience with these marketing calls.
Speaker A (04:15 - 04:21): Obvious answer. Look, I'm not going to say there's more than 1,000 companies that do the same. Right. But.
Speaker A (04:23 - 04:51): Difference would be probably the explanation or the way we work. We all work a little bit different. Our company started from Google. Derek. We often work with 10,000 business owners just like you and expanded our customer base and Teddy solutions through our online prizes. And basically, Derek, I know you had a lot of phone calls so far, but I can give you just information and that way you're ready to have this competition give us a call and that way it can be better for you. Okay, sure. Thank you. Have a good day. Bye.
",,,ERNESTOALFAROCORONA,Derrick - owner ,Do it Derrick! Home Remodeling and Repair,"Washington, DC 20007, , ",Handyman,1,1,0,16263443,4,Derrick - owner ,Handyman,"Washington, DC 20007, , ",Eastern,Low season,December,Consultative & Validating,Male,Yes,UNKNOWN,No,No,No - consent not obtained,Happy/Optimistic,English,Yes,available,Customer,NOVICE,5,,TRUE,,47.06,52.94,Mutual Dialogue,7,3,3,1,Moderate Depth,No,2,5,2:05,Resistant,Confident & Assumptive,Agent,13,Yes,No,No,Yes,"Agent offered a 'quick rundown, like two minutes' to provide information for future consideration after customer expressed disinterest.",5,0,0,0,0,0,0,4,No,4,29,4,9,5,4,0,2,0.3,Occasional,Agent-Heavy,Somewhat Structured,ROI Calculation; Assume the Sale and Begin Gathering Information,Value Proposition (V) before FOMO (IV); Agent returned to discovery after value prop/FOMO.,No,Yes,6,2,Professional,Yes,No,Declined,Neutral,Negative,Negative,Negative,"Customer shifted from neutral/open to expressing timing concerns, then explicit unreadiness to invest, and finally strong frustration with marketing calls.",5 frustrations,0,0,366,V/VI - Value Proposition and ROI,Agent,28,No Commitment Secured,None,No,No,No,No,Soft Decline,Not qualified/not interested; Timing concerns; Frustration with marketing calls,TRUE,,TRUE
9197244,2035409605,ELIASPAULOJR,12/9/2025 8:06,XFER,CP105,147,https://archive-sales.411locals.smartcarrier.io/RECORDINGS/2025-12-09/20251210-000608_CP105_ELIASPAULOJR-all.mp3,"Speaker B (00:07 - 00:08): Hola.
Speaker A (00:08 - 00:10): Hi there. Good morning. Do you speak English?
Speaker B (00:11 - 00:12): Little bit. A little bit?
Speaker A (00:14 - 00:14): Yeah.
Speaker B (00:15 - 00:15): Where are you from?
Speaker A (00:16 - 00:17): Your stone traction, right?
Speaker B (00:18 - 00:19): Perfect. Correct.
Speaker A (00:19 - 00:21): Right. And what is your name?
Speaker B (00:21 - 00:22): Robert.
Speaker A (00:22 - 00:27): Robert. Nice to meet you. Robert. Robert. And you are the owner of this business, Robert, right?
Speaker B (00:28 - 00:28): Correct.
Speaker A (00:28 - 00:31): Do you. I mean, do you understand a little bit English, right?
Speaker B (00:32 - 00:33): Yes.
Speaker A (00:34 - 00:57): Okay, good. Robert. Maybe if. I'm Robert, this is Elias and I'm calling you because we are seeing several people there in your local area right now, Robert, in Connecticut. They're looking for type of services online, doing construction and remodeling. Okay. And my manager asked me if you can take your customers, Robert. So you do like commercial, Robert, or mainly residential for your service?
Speaker B (00:57 - 00:59): I have a license for commercial and residential.
Speaker B (01:02 - 01:04): I'm working for. For residential.
Speaker A (01:04 - 01:08): Okay, so. So you can do both commercial and residential?
Speaker B (01:08 - 01:09): Yes. Good.
Speaker A (01:09 - 01:16): Okay, I will take care of that. And Robert, I. Do you have a team to working with or you are one man show at the moment?
Speaker B (01:17 - 01:19): I don't have any team in the moment.
Speaker A (01:19 - 01:27): Okay. Okay, no worries. So Robert, thanks so much for your time. And how long have you have you running this business, Robert? For how many years?
Speaker B (01:27 - 01:28): 10 years.
Speaker A (01:28 - 01:31): 10 years with the business. What about the experience?
Speaker B (01:31 - 01:34): Yes. Am I visual for you?
Speaker A (01:34 - 01:45): Okay, so yeah, Robert, thank you so much. And I hear my manager will give call. Hi, Robert, owner, construction and remodeling. And he can handle more customers. You can speak English.
Speaker B (01:45 - 01:48): Okay. Hi, Robert for you today. Good. How are you, sir?
",,,Ismael Marenco,12/9/2025 8:07,AGENTDIRECT,https://archive-sales.411locals.smartcarrier.io/RECORDINGS/2025-12-09/20251209-080818_CP111_ISMAELMALENCOCORDOVA-all.mp3,P2P,UG142,155,"Speaker A (00:00 - 00:00): Yes.
Speaker B (00:00 - 00:01): What about the experience?
Speaker B (00:04 - 00:15): Okay, so yeah, Robert, thank you so much. And I hear my manager give golf. Hi L Robert, owner, Construction and remodeling. And he can handle more customers. You can speak English.
Speaker A (00:15 - 00:57): Okay. Hi Robert, how are you today? Cool, how are you, sir? Oh, that's great to hear, Robert. And also thank you for asking. I'm doing great. Thanks Scott. Well, Robert, let me first of all introduce myself again. As my assistant said, my name is Ismael, I'm a manager of my company that is 411 local. And the reason that I asked to contact me with you is because. Well, I'm looking for a person with a reliable business that does remodeling on the area because there's a great increase on the demand of clients that are looking for this service. So what I would like to do is to see the way that we can just work together and that we can put you in front of all of this because, well, as you know, imagine if there are 1500 customers looking for this service every month between residential and commercial and you can be there for all of them. That will be as much.
Speaker B (00:58 - 00:58): Now can you please tell me on.
Speaker A (00:58 - 01:54): This way, Robert, for how long have you been running this business on your own? Yeah, four years. And then on these four years at Lenini Delay, the way that you manage to get new customers for you or the way that new prospects can be able to find you, how you do it, by the recommendations, the word of mouth. You can do business cards, suppliers, your website. Tell me how you do it. Oh, oh, sounds good. You charge it for Lee? You sell Lee or no, I didn't have it. No, not like Tupa Enghi. Nothing there. No, no, nothing like that. Don't worry, we have nothing to see with this. Yeah, also that company is qualified as one of us. But no worries, we never need to be. Nothing like that. But just me. So the way that you manage to get new customers for you are how new process will be able to find you, how useful? Or just let me ask you something, Robert, so if I can continue this in Spanish, it will be better for you or you would like to. Hello? Hello, can you hear me? Robert? Hello?
",,,ISMAELMALENCOCORDOVA,robert ,,"East Hartford, Connecticut, , ",remodeler,6,1,5,9197244,14,robert ,remodeler,"East Hartford, Connecticut, , ",Eastern,Low season,December,Consultative & Validating,Male,Yes,No,No,No,Yes,Not Angry/Frustrated,Spanish,Yes,available,Customer,NOVICE,5,,TRUE,,50,50,Mutual Dialogue,2,1,1,0,Surface-Level,No,0,0,0:00,Neutral,Confident & Assumptive,Agent,17,Yes,Yes,Yes,No,Agent states the purpose of working together but does not outline the call's structure or time expectations.,0,0,0,0,0,0,0,0,No,12,22,2,1,0,0,2,1,0.39,Rare,Agent-Heavy,Somewhat Structured,IV (FOMO); VI (ROI Calculation); VII (Assume Sale),"Yes, Value Proposition (V) is introduced before Discovery (III) is fully engaged.",No,Yes,3,3,Warm/Professional,Yes,No,Declined,Neutral,N/A,N/A,Neutral,Customer disconnects during agent's question about language preference.,0,0,0,155,Discovery Phase,Customer,56,No Commitment Secured,None,No,No,No,No,Disconnect - During Discovery,Unclear,TRUE,,TRUE
16252110,2054073422,ERNESTCGHERRERA,12/2/2025 8:37,XFER,CP105,229,https://archive-sales.411locals.smartcarrier.io/RECORDINGS/2025-12-02/20251203-003728_CP105_ERNESTCGHERRERA-all.mp3,"Speaker A (00:04 - 00:04): Hello.
Speaker B (00:04 - 00:06): Hi, good morning. Hello.
Speaker A (00:06 - 00:07): How are you going?
Speaker B (00:07 - 00:16): Yeah, doing good, thank you. By the way, sir, this is Chris. I am calling to see if you still do long here. Yeah, how's it going? Yeah, doing well. How are you?
Speaker A (00:16 - 00:21): Not too bad, not too bad. Yeah, I'm available for any jobs, what may you need.
Speaker B (00:22 - 00:37): By the way, sir, I'm calling because we're seeing several people there in the Land O Lakes area. Those are looking for long care services online. So my manager asked me to look for someone who can accommodate new customers. So this is also residential, sir? Yeah. That you provide?
Speaker A (00:38 - 00:44): For the most part. I was kind of hoping to start with some residential. I'm kind of getting started myself, so.
Speaker B (00:44 - 00:49): Just started a business for how many weeks, sir? Or months? Just a few weeks. Now.
Speaker A (00:49 - 00:53): This is something that I'm just freshly starting up.
Speaker B (00:53 - 00:56): Okay, wonderful to hear. But right now you're still able to.
Speaker A (00:56 - 01:08): Handle your full residential. Definitely, yeah. Right now I only have a push mower, but I mean, I could still take those jobs on. And yeah, I can do some weed whacking, tree trimming.
Speaker B (01:10 - 01:12): Only in Land O' Lakes. Or have you traveled?
Speaker A (01:12 - 01:14): I can travel, yeah.
Speaker B (01:14 - 01:20): Okay. All right. For how many miles, sir? Maximum, if you don't mind me asking you, outside Land O Lakes?
Speaker A (01:20 - 01:28): You know, like, too far. 25 to 40, maybe. Like, it had to be pretty worth it for 40, I guess.
Speaker B (01:28 - 01:32): Okay. But they can still avail the free estimate or there is like a charge.
Speaker A (01:32 - 01:34): Yeah, no, I do free estimates.
Speaker B (01:34 - 01:39): Okay, that's even wonderful then. Okay, perfect. And what's your name, sir, by the way?
Speaker A (01:39 - 01:42): Mark. Mark Levin, the owner.
Speaker B (01:42 - 01:53): Mark, yes. Okay, wonderful. Actually, Mark, my hyper with me, my manager is the one who asked me, who gave you a call. Just one quick question, Mark. Since you mainly do residential.
Speaker A (01:53 - 01:53): Right.
Speaker B (01:54 - 01:58): Do you have plans in, you know, getting a license to do like commercial stuff?
Speaker A (01:59 - 02:09): You know, this is something I'm definitely thinking about down the line. Kind of gotta take it like a little slow here as I'm getting started, but yeah, I was hoping to be a part of the plan.
Speaker B (02:09 - 02:18): Okay. To take on commercial if, you know, if you will be planning to expand upon taking on businesses aside from homeowners.
Speaker A (02:18 - 02:21): Exactly. I feel like I could make that transition.
Speaker B (02:21 - 02:21): Yeah.
Speaker A (02:21 - 02:23): It probably wouldn't be too bad for me.
Speaker B (02:23 - 02:30): So right now you are the one. You don't have like helpers or employees doing residential stuff?
Speaker A (02:30 - 02:40): I have a few people that I can't volunteer to help at the moment. They're not my employees per se, but help you out, playing it by ear, job to job.
Speaker B (02:41 - 02:51): Okay, perfect. Actually, Mark, I have here with me my manager. I have here Benjamin. I have here Mark. He's the owner who does lawn care and Land O Lakes. He can travel 25. Yeah, and.
Speaker C (02:53 - 02:57): All right, take it from here. Hey, Mark. Thank you for taking my call. How you doing today?
Speaker B (02:58 - 02:58): Hi.
Speaker C (02:58 - 02:59): Yeah, not doing bad.
Speaker B (02:59 - 02:59): How are you?
",,,Benjamin Franklin,12/2/2025 8:40,AGENTDIRECT,https://archive-sales.411locals.smartcarrier.io/RECORDINGS/2025-12-02/20251202-084104_CP111_ERNESTOALFAROCORONA-all.mp3,CALLBK,UG142,526,"They're not my employees, per se, but uh yeah. That's how I explain it. Like year job to job. Yeah. Okay, perfect. Um, actually, uh, Mark, I have here with me my my manager. I have here, uh, Benjamin. I have here Mark. Um, he's the owner who does lawn care and Land O' Lakes. You can travel, plant a price. Yeah. All right. And that's for taking the customers for residential, okay? All right, I'm taking from here. Hey, Mark, thank you, uh, thank you for taking one call. How are you doing today? Hi, yeah, not doing bad. How are you? I'm glad to hear that. I'm doing good. I think we're asking you, sir. Uh, look, I just want to ask my to call you. I'm looking for a reliable business near Lando Lakes. I want to take on clients and that's because we seen a search of people online searching up lawn care services. So, uh, we just want to ask a few questions to see if it can be a good fit. Yeah. Totally. Thank you. Appreciate it, sir. Uh, by being, uh, it's kind of into out of season, right? Coming down to December, right, sir? Uh, what kind of work do you guys usually take on at this moment when it's, uh, um, Uh, you know, yeah, we just kind of, I just me recently put out my first few advertisements, you know, so I was hoping to kind of just take on some mowing, uh, Mowing? maybe some, uh, brush clearing, you know, like maybe if someone need a fence cleared out or some light tree trimming. I was kind of just, yeah, open to, uh, open-minded to a lot of jobs like that, you know, kind of, uh, I don't have any big equipment yet, so. All right. You're just getting started there? How long you've been doing this for? As a business? Uh, just a few weeks, you know. I've I've always kind of, uh, done the lawns and stuff, you know, between, uh, just either helping out or actually being with, uh, I worked on a golf course for a while, so I did a lot of that stuff for them. Golf course? And, uh, so, yeah, just starting to dive in and, uh, yeah, hopefully trying to grow this business, you know, so. 100%. Congratulations for starting a new business then. Uh, so it's like a full-time thing already? You're like, so like, it's not part-time. It's you're 100% into it now? Not, uh, not 100%. Honestly, it's, uh, I don't have enough clients to consider myself full-time. So, uh, yeah, that's that's where I'm trying to get. That's for sure. Some customers to go 100%. Okay. So you're still working at the golf course still or are you the full-time job is just like in the morning for your schedule? No, no. I was at the golf course. That was probably, uh, at least a year ago and, uh, I've been I'm just driving Uber Eats and, uh, DoorDash lately, you know. That's kind of my Oh. you know, part-time thing while I'm like starting this thing up. I heard they do good, man. Uh, I think, uh, you get some tips. Plus you day, right? I think you guys do good there, so it's pretty cool. All right. And plus, um, It's not too bad sometimes. Yeah, like it's kind of like, uh, schedule you can have on it. You can pause anytime. I think so, right? Like, if you need to stop to do this, um, you can do it, right? If it's needed, right? Yeah, exactly, you know. So it it keeps me open to doing this whenever I need to for sure. Cool. That's very smart, by the way. I think that's a smart movie there. It's pretty cool. All right. And, um, so you're doing advertising right now? What kind of ads are you running? Are you a Facebook, Craigslist, Yop, Nextdoor, Better Business Real? Are you biting leaves or something? Uh, what kind of apps are you working with at the moment? At the moment, I've only just posted my first ads on Craigslist and, uh, Nice. I'm starting to put together my Facebook page, so, uh, yeah, I'm I'm starting to get a few followers and likes on that. I've done the advertising with the actual company yet. I know you can pay them to advertise. I haven't gotten that far with Facebook, but, uh, It's a lot through Meta, right? I was hoping to get there, you know, once I get some followers. What was that? Yes. Yeah, Meta, right? Like it should be good because Meta kind of like, it's not like Google, but it's still good because it works like algorithm. So it does it does get your traction there too, I think. And it's just kind of cheap. So that's a good option you should try. Facebook Meta ads. Yeah. Mhm. Yeah, no, possibly. Possibly. Okay. So, um, what we do here, I don't know if you heard of the term called SEO, though. I don't know if that rings the bell to you. The SEO or sponsor ads on Google. Have you heard of that before? Um, yeah, no, I I've kind of been looking into some of that, you know. I I don't even have a business, uh, I I'm not set up on Google yet, but, uh, Mhm. Yeah, I was kind of taking it step by step with a lot of the platforms for sure. Yeah, because, um, I know, I mean, you're busy, right? Um, you have jobs, it's kind of hard to keep up, right, with all this, I know. It's time-consuming, right? But I know, um, Okay. Do you, you know how SEO works? You see the outreach of that, of how it can help you get clients? Would you see the value in doing something like that or thinking about it, Mark? Um, I mean, I guess what what exactly are you talking about? How would that work? Uh, You're saying that you have clients that you need that would need this same kind of work? Well, we can send you leads, Mark, or we can do your marketing, so you can get people to call you directly. We can do either both. But that's basically what what we do. Uh, we do lead generation. We can send you direct leads so you can call the people or it's kind of like, uh, we can do your marketing, put your name out there, so we can make people call you, right? I can show you a couple of guys that work from that works with us in Florida. Uh, a couple of contractors that once, he's in Tampa. Uh, the company's called Hangtime Jointwall Painting LLC. He's a drywall contractor. What we did for him was different. What what we did for him is that we did his marketing. We had him like on Google on front page. We had him like an online presence to get customers to climb. And he's been doing good. He's been working with us for like almost three years now. I I could show you that on how we did it for him. And then if you want to do it with us, we can do that in the future. What did you say the name of his Go ahead. Uh, what what did you say the name of his company was? Because, yeah, I'd be curious to look into that, you know, especially doing. Let me see. Let me just show you, okay? I got you, my man. Make it simple for you. Let me see. Can I text you to the number we're speaking on right now? Can I text you here? Uh, yeah, sure. Go ahead. All right. Let me Let me text you. All righty. And so you're your company, but you guys are ad or uh, I guess what what kind of agency are you guys, I guess? What's the, what's the technical term? It's technical. I got you. It's called 4in1 Locals, the company I'm calling you from, right? It's been doing digital marketing since like 2007, helping 30,000 business owners. So basically, our service covers the US, Canada, Mexico, Australia, Bulgaria. Wherever you are, we can cover you. We work with over 400 industries, lawn care businesses, roofing contractors, painting, construction companies, cleaning companies, bath over finishing, towing. Just imagine this, Mark, anything that has to do with like the service call, we can cover you with this type of service, all right? To give you clients. Now, the text that you sent you, let me know if you see it now. Um, Benjamin, that's me. And then you're you're going to see two links, three links by the way. One that says learn about us. Click on the one that says see what our customer say. On that the second one with a um, green check mark, uh, check mark is that. It's going to open up to our main website and then once you have that open, I'm going to show you a list of companies that work with us. But on the bottom, you're going to see the one from Tampa, the the drywall contractor guy. And then after that, I'm going to show you how you get started. Okay, yeah, I got you. All righty. Okay, I heard that. Well, cool, cool. Well, if anything, is this a good number that I can call you back at? I have to actually get out of here real quick. I got some things I got to take care of, um, you know, I I yeah, I got to kind of rush out of here. So is this a good number? Yeah, you can text me to the number I was texting you on or you can call back to ask for Benjamin. Sometimes it's I'm going to busy line or uh, I'm going to call somebody else. But I can just send you my send you the farm number if you want to call back, but if not, can we just reach out to you in a different time, you know, to give you like a quick presentation on all this and give you a run down on how we do it for you. What can we possibly call you back today or tomorrow? Yeah, I feel like I just got another call from one of the same area codes here. So I mean, uh, yeah, if anything, you know, I'll try giving you guys a call back and I'll keep an ear out if not. Yeah. For sure, for sure. Let us know then. Thank you, Mark. All right. No problem. You have a good day. Thank you.",,,ERNESTOALFAROCORONA,Mark ,FRESH YARD LAWN CARE.,"Land o lakes, FL, ",Lawn Care Services,7,2,5,16252110,20,Mark ,Lawn Care Services,"Land o lakes, FL, ",Eastern,Low season,December,Consultative & Validating,Male,Yes,Yes,No,No,Yes,Happy/Optimistic,English,Yes,available,Customer,NOVICE (Job Seeker),4.4,Start-of-Call Latency,TRUE,,47.5,52.5,Mutual Dialogue,7,4,3,0,Moderate Depth,Yes,3,2,3:02,Resistant,Consultative & Validating,Agent,10,Yes,Yes,Yes,Yes,"Vague, only mentioned asking a few questions to see if it's a good fit.",3,0,3,0,0,1,0,1,No,5,16,8,5,8,7,1,5,0.57,Occasional,Mutual,Somewhat Structured,VI (ROI Calculation); VII (Assume the Sale),None,No,Yes,3,4,Warm,Yes,No,Fluctuated,Neutral,Skeptical,Interested,Resistant,"Shift from interested (asking for company name, agency type) to resistant (need to leave) in the final segment, triggered by agent explaining the company and offering to show links.",1 frustration,0,0,526,V (Value Proposition),Customer,175,No Commitment Secured,Vague,No,No,No,No,Disconnect - During Pitch/Value Prop,Timing concerns,TRUE,,TRUE
16286505,2049523118,MARIAIRENECABIGON,12/15/2025 11:29,XFER,CP105,195,https://archive-sales.411locals.smartcarrier.io/RECORDINGS/2025-12-15/20251216-032904_CP105_MARIAIRENECABIGON-all.mp3,"Speaker A (00:00 - 00:00): Foreign.
Speaker B (00:12 - 00:14): Hello, Good afternoon.
Speaker A (00:14 - 00:17): Are you due for renovation service in Brandon? Yeah.
Speaker C (00:17 - 00:18): Great.
Speaker A (00:18 - 00:22): Anyway, sir, my name is Lou and I'm calling you because we're seeing several.
Speaker D (00:22 - 00:25): People looking for the renovation services online.
Speaker A (00:25 - 00:27): And my manager asked me to look.
Speaker D (00:27 - 00:30): For someone who can handle the customer in Brandon.
Speaker A (00:30 - 00:32): But you're given free estimates or you.
Speaker D (00:32 - 00:33): Have to charge for.
Speaker E (00:33 - 00:35): It's a free estimate.
Speaker D (00:35 - 00:35): Free estimate.
Speaker B (00:36 - 00:38): I know who I'm speaking with just to address you.
Speaker D (00:38 - 00:42): Sorry, I know who I am speaking with just to address you.
Speaker E (00:43 - 00:46): Back after some text because here is network problem.
Speaker A (00:46 - 00:47): So that's fine.
Speaker B (00:47 - 00:48): So now.
Speaker D (00:49 - 00:50): Yeah, you're older.
Speaker F (00:53 - 00:53): Hello?
Speaker C (00:53 - 00:54): Yeah, Hello?
Speaker E (00:55 - 01:01): Yeah, I'm sorry, I'm going to call you back on.
Speaker B (01:02 - 01:03): Okay, no worries.
Speaker C (01:03 - 01:05): But you do commercial service?
Speaker E (01:06 - 01:07): Which type of commercial?
Speaker G (01:07 - 01:11): Yeah, you do commercial services for painting gravel for flooring?
Speaker E (01:11 - 01:12): Yeah.
Speaker A (01:12 - 01:15): Okay, now, anyways, I was just asking.
Speaker D (01:15 - 01:16): Because it's my manager who asked me.
Speaker G (01:16 - 01:21): To look for someone. That's why my manager wants to speak with the person who'd ask for the.
Speaker D (01:21 - 01:23): Service or the owner of the business.
Speaker A (01:23 - 01:24): Okay.
Speaker H (01:25 - 01:25): Hello?
Speaker B (01:25 - 01:26): Chanel?
Speaker E (01:26 - 01:26): Hello?
Speaker C (01:27 - 01:27): Yeah, can you hear me?
Speaker F (01:27 - 01:28): Hello?
Speaker E (01:28 - 01:34): Yeah, here is network problem. Can you. Friday.
Speaker G (01:35 - 01:38): Anyway, Chanel, I'm actually, it's not for me personally.
Speaker A (01:38 - 01:40): So my manager, the one who asked.
Speaker D (01:40 - 01:44): Me to give you a call is in the other line and he will take the call if you don't mind.
Speaker A (01:44 - 01:47): Okay. Okay, okay.
Speaker D (01:47 - 01:47): Just hold on.
Speaker C (01:48 - 01:52): So now I do have here my manager, the one who asked me to.
Speaker D (01:52 - 01:59): Give you a call, Vanch. I do have here Mr. Sonal, the owner of Renovation Services and doing commercial NCs.
Speaker H (01:59 - 01:59): Hello?
Speaker G (01:59 - 02:01): Ben, can you hear us?
Speaker F (02:02 - 02:04): Thank you. Hello? Hello?
Speaker E (02:04 - 02:05): Yes, hi.
Speaker F (02:05 - 02:05): To.
",,,Benjamin Franklin,12/15/2025 11:31,AGENTDIRECT,https://archive-sales.411locals.smartcarrier.io/RECORDINGS/2025-12-15/20251215-113159_CP111_ERNESTOALFAROCORONA-all.mp3,NI,UG142,244,"Speaker A (00:00 - 03:03): Who asked me to give me a call. Benj, I do have here Mr. Sunel, the owner of Renovation Services and doing commercial and free estimates. Hello Dan, can you hear us? Thank you. Hello, Mr. Sunel. Hello. Yeah, hi Steve. Hi, how are you doing today? How's your weekend been? Yeah, good to you? I've been doing great. Thank you for asking me. Appreciate you always want to ask my sister to call you. Canel. We're looking for a reliable business that would like to take out more new clients. We can upstairs the people online so you should know more of your industry. We just want to ask questions if you can be the match for this. Okay, thank you. How long have you been a business for now working during the business? It's three years ago. I started my business and I registered my company before the year. One year official now, right? Basically right, sir? Pretty much right, yeah. Okay. And since you started sir, what's the most profitable area you like to work at? You guys work in Brandon or you guys have coverage? Actually I have two business. Two different type of business. So one is it's a petrol station. It's situated at St. Lawrence. Yeah. And three to four days I working in construction. Oh, you also do construction in Brandon? Yeah, yeah, in Brandon. Okay. And how do you guys currently get new customers? Actually it's so many people know about the construction work by me. So that's why it's easily to contact us. Okay, so you have a sales team working with you. Like a marketing team that helps to get clients for like advertising lead generation or Qualcomm. No, not now. No need now. Actually it's a small one, so no need. Yeah, advertisement. Advertisement is not required for me actually maximum guys are in our country, so it's easy to win. Correct, I do agree with that. But wouldn't you like to get more clients so you can grow your business a little bit more or just put your name out there? Not now, maybe after six months or a year. Six months? Because. Yeah, because I will planning to move in minilad. So that's why. Oh, I see, you're going to change locations now? I believe so, yeah. So. So it's not sure about that one. I see. I definitely, definitely help you with regeneration, sir. Look at these things. How's work looking like for the next three months? Are you guys hooked up with clients? Actually, can you call me back on after three to four months so I will decide? Yeah. We joined you or not? Because after. After three to four months. Yeah, I move on after then I will talk to you okay, okay, I see. I see. Yeah. Okay. Yeah, okay.
",,,ERNESTOALFAROCORONA,Sunil ,Montecarlo Renovation,"Brandon, MB, ",Home Renovation. Vinyl Flooring Basement Renovati,1,1,0,16286505,19,Sunil ,Home Renovation. Vinyl Flooring Basement Renovati,"Brandon, MB, ",,Low season,December,Confident & Assumptive,Female,No,,No,Yes,Yes,Not Angry/Frustrated,English,Yes,available,Agent,Novice,3.4,"Unstable Audio, Dead Air Detected",TRUE,,44.4,55.5,Mutual Dialogue,5,2,2,1,Surface-Level,No,0,5,0:05,Resistant,Consultative & Validating,Agent,27,Yes,No,No,Yes,Agent stated they would ask questions to see if they were a match.,4,0,1,0,0,4,0,4,No,2.4,6,1,9,4,1,0,2,0.49,Occasional,Mutual,Unstructured,"IV, V, VI, VII",None,No,Yes,3,4,Professional,Yes,No,Declined,Neutral,Negative/Resistant,N/A,Negative/Resistant,Shift from neutral to resistant around 01:39 and 01:52.,2,0,0,244,Discovery Phase,Customer,28,Follow-up Call Scheduled,Implied,No,No,No,Yes,Disconnect - During Discovery,Timeline concerns,TRUE,,TRUE
16285018,2082964880,KARLBABONALES,12/12/2025 8:02,XFER,CP108,92,https://archive-sales.411locals.smartcarrier.io/RECORDINGS/2025-12-12/20251213-000158_CP108_KARLBABONALES-all.mp3,"Speaker A (00:06 - 01:12): Hello? Hello? Yeah sir, are you still doing painting? House painting? Yeah okay sir, this is Carlos. I'm calling because we are seeing several people in your area who are looking for a type of service online. My manager sir asked me to look for someone who can check my customers. Are you the owner of the company? Okay, do you have some Spanish or what's your name? My name is Carlos. Let's speak Spanish. You do commercial or residential? Owned for a moment. Are you a license? License insured insurance? Okay. I have here my manager, sir, Oscar, his name is Oscar also. Hello Oscar I have Oscar, the owner. He do painting, remodeling, DSL. Okay, excellent, thank you. Car hi Mr. Oscar. How you doing sir? I'm good, thank you. How you do? Excellent. I'm glad you heard that Mr. Oscar. Yeah, so this is. This is Oscar as well and.
",,,Oscar Ross,12/12/2025 8:03,AGENTDIRECT,https://archive-sales.411locals.smartcarrier.io/RECORDINGS/2025-12-12/20251212-080305_CP126_MANUELRAMIREZ-all.mp3,HU,UG142,1777,"Speaker A (00:03 - 00:16): Okay. I have here my manager, Sir Oscar. His name is Oscar also. Hello Oscar. I have Oscar, the owner. We do painting and remodeling. He has life and insured. Excellent, thank you. Far. Hi, Mister Oscar. How are you doing?
Speaker B (00:16 - 00:18): Far, I'm good, thank you. How are you doing?
Speaker A (00:18 - 00:27): Excellent. I'm glad to hear that, Mister Oscar. Yeah. So this is Oscar as well and we're looking for available company to work with and we should increase our customers looking for.
Speaker B (00:42 - 00:53): OK. I've only been with my business for a year, but I've always complied with what the State, license, insurance, everything, everything that corresponds, requires.
Speaker A (00:54 - 01:11): Excellent, excellent, very good. That's very good for being a year in. We have had business owners who have had three, four years and still without a license. It's good that you are doing things right from the beginning, Mr. Oscar. Very good. And I want to think that you already had experience before, right?
Speaker B (01:11 - 01:32): Yes, well, before starting my business, I spent seven years working for some people, so I also had to learn a little more English, so I can also have conversations with builders and homeowners, contractors and all that. So I took on the task of starting my business and here we are.
Speaker A (01:32 - 02:01): Well, it didn't take that long either, seven years in which he learned the trade, in which he learned more new services, in which he also learned to speak English and that he decided, it's good that you made this decision, Mr. Oscar, to make your own money and be your own boss and win. Excellent, because the truth is that remodeling leaves quite well. Very good. And Mr. Oscar, with these seven years of experience that you have, can you do both residential and commercial services or do you focus more on residential?
Speaker B (02:01 - 02:13): Well, I do both, honestly I do both and so far I haven't had any problems, thank God and we've been doing, well, we haven't been doing great, but regularly stable. We are, thank God.
Speaker A (02:13 - 02:31): No, it is understood, the truth is that all businesses when they start, especially the first years, are complicated because people don't know them, they have to be making their name, they have to be making themselves known with the services that you offer. So they go.
Speaker B (02:32 - 03:28): You know, before that, thank God, before starting my business, many clients, I'm not going to say that I took them from those I worked with, no, none of that, but all the clients and all the builders saw that I was always the face, I was the one with the face, my boss rarely arrived or only sent the invoices and all that and the claims, the guarantees, all that was me, it was me. So the clients, both builders, both referral, called me directly, even though I passed them on to the boss, the boss would say no, no, no, just tell me the price you're going to give and then the boss would charge. So thank God, I got a lot of customers when I started my business, so I had the task of going to places and houses and calling, God, this is my business, my insurance and all that and they started calling me quickly, so I talked to my ex-boss and said, don't you think I'm taking them from you? He says no, no, no, all your struggle gave mine, don't worry and I hope you do well.
Speaker A (03:28 - 03:42): Of course, and above all, he learned something that he has to show his face too, maybe and his business is growing, but you are going to show your face and so that they know you have natural hinting and remodeling and who is behind the whole product.
Speaker B (03:42 - 03:42): Exactly.
Speaker A (03:44 - 04:10): You always learn and the truth is that people who adapt to changes, people or business owners who know how to improve those services, not only of organizing but of showing their face, well it also is. Now Mr. Oscar, of the services that you do, because remodeling is broad, what are the services that you should do? Better remunerate your business.
Speaker B (04:10 - 04:44): OK, well look, what I do is the drywall, its roll taping, texture, all that, then comes the cleaning and then comes the painting, after that cleaning also general cleaning, I have other people who do general cleaning, like the people who clean the houses, after you've handed over the house you'll see that there's polo, stains, drops, all that, windows, doors, I have personnel for that and I also do tile, I do flooring, I do different activities, you understand me, Insulation, all that.
Speaker A (04:45 - 05:01): Perfect, very good, well if it is a fairly complete service, until the cleaning there is no dust, the post construction clean. OK, excellent, well it's a pretty complete business. They do the internal remodeling and what about the external, for example window.
Speaker B (05:03 - 05:39): Everything that is roofing I don't throw it away, I don't do it honestly what is the siting, I do any wall, a part of the house, I'm not going to tell you that I remodel it all. Why? Well, because I tried to do it and when I tried to do it my insurance tells me if it covers you, but your insurance will go up more like handyman. So your insurance already changes is higher, although the numbers are looking good right now, but it is higher and at the same time when you have nothing and you see that it goes down sometimes you will struggle a little because a high insurance has its risks.
Speaker A (05:39 - 05:46): OK, well, then of the exterior that if it comes to be is window door installation, it would be like the silent repair.
Speaker B (05:47 - 05:47): That's right.
Speaker A (05:48 - 05:50): Not the complete installation, but only some.
Speaker B (05:50 - 05:53): Repairs. Repairs, very good.
Speaker A (05:53 - 06:13): So we are going to focus more on what I am seeing, on the interior remodeling, which is what should be more, which is better for you to do. OK, perfect. And currently Mr. Oscar, do you have any method or what method do you use? Rather that question, what method do you use to get new customers? By recommendations.
Speaker B (06:14 - 07:39): Exactly. I even have a page on Yout that honestly, I'm not going to tell you honest, I'm going to be honest with you, don't think it helps me, it doesn't serve me because thank God I tell you, we are accredited and with the years when I worked for someone they called me, so already like the weekends that I didn't work with the boss they would tell me excuse me Oscar, I know it's the weekend, but you know that I got a. Yes you know that the whole floor of the laundry room was raised because the washing machine hose broke. Oscar, can you change this sheetrock And once that I can't give you an insurance because I don't have a business, it doesn't matter. To date, the work you have done here with us, very stable and well done. So call a company, a business, yes, the insurance and everything, but they come with. They do what they want, they do it sometimes reluctantly, if there are people or not, well when the house is alone, so you always this and you are always available. Well yes it sounds bad, but we all use money. Well yeah, it sounds. So to date thank God I tell you, I have not lacked work sometimes even, even I do not answer the calls because I already know the three hours to fifth already up the mountain and they pay me very well, they pay me the lodging and everything but sometimes also my family comes first You understand me?
Speaker A (07:39 - 08:24): No, of course, of course. The family is always first and in fact you have this business for them, you want to give them more time, you want to give them more attention and that they have what is necessary more than necessary. Exactly, the family will always be first. I am always of the same idea that family is always first. Well look Mr. Oscar, we have excellent news. First of all I like it because I'm talking to you, you have a lot of experience, you have the desire, it didn't take you long to say you know what? Well I'm going to put the batteries, I know how to do it, I know how to make the contracts, I have my license in the first year and just last week here in the area where you are and please correct me if I'm wrong, here in Cowell in zip code 83605 Is that correct?
Speaker B (08:24 - 08:25): Yes, yes.
Speaker A (08:25 - 12:36): OK. Just last week we had a total of 1345 searches from people requesting construction and remodeling services. The truth is that there is a lot of work in the area where you are and what you were talking about there is no need to be traveling two hours, more than an hour. These searches that I am telling you Mr. Oscar are happening there in your local area, in your zip code so that you travel twenty, thirty minutes and people are looking for the services. So unlike what you already have because I see Natural Painting and Remodeling effectively in Drills there you have your information and also in MapQuest is practically the same. We unlike these companies, we are not an online directory, what we do is work with Google, we are Google Partners. This means that when people are looking for the services of any service you do, Drywall Painting, Remodeling Services, Bus construction, Cleaning or any other service, people will be able to know your business, Google will recommend your business and you will appear in front of those interested customers near your local area so you can get a better idea. Mr. Oscar, if we search right now Remodeling Services there in your local area you can search Remodeling Services to see what your competition is. Ethical remodeling LLC appears with 5 stars, 54 reviews Terry Construction appears equally with 5 stars, this one has a little more review 75 and there is Treasure Valley Remodeling and Restoration with 4.2 stars and this one has 9 ratings, reviews, sorry. These companies are the ones that appear on the first page of Google and there are more and what we want is that you can also appear on the first page when people look for the services that you can do so we are going to use the keywords the Google algorithm when they are looking for the services will present your business so that is what we want to do Mr. Oscar, that you are in the best place where to be if you have a business that is in Google. Now, what is the first thing we are going to do? The first thing we are going to do to attract the attention of those customers in your local area is going to be a professional website I would like you to see first of course Mr. Oscar how professional we are and how the design of the website can be for your business Look, I sent you a text message with a link that says Locals starts if you click on that link appears the design of the website and this is something that I just did right now in a couple of minutes more or less with information that you gave me of the services that you do we can change the design, put your own photos or videos in fact it would be important so that people can see in detail the quality of your work, that can be convinced and we put the name of your business What do you think of the design of the page sir? If you want you can put me Speaker so we continue talking while you see it OK, so we will put for example there the services, we put service 1, drywall services, service 2, painting services, remodeling kitchens, bathrooms, h. We will focus primarily on those that better remunerate without leaving aside Insulation, Window installation, Siding Repair but we will focus on the projects that better remunerate Mr. Oscar OK, perfect. Now, unlike Yelp or any other lead generator we do not sell leads, we do not charge any commission either very well, you can receive 20, 30 or more calls a month and you do not have to be paying for each of those customers who call you, in fact customers will call you directly, we are not intermediaries. Your phone number appears when people are interested in the services in any of the advertising services that we are going to do with that they click on your phone number will be linked the call directly to you or to you Mr. Oscar, there with you negotiate types of work, the costs, when they can start the project, everything necessary to the project that your customers need OK? Any questions up to this point Mr. Oscar?
Speaker C (12:36 - 12:38): No ma'am, can you hear me well?
Speaker A (12:38 - 14:27): Perfect, very good. Now Mr. Oscar, how effective are we going to be unlike Yelp? Well we are going to put it in a very simple way. We use Google more, we use Google every day and we don't use it so much and to search Right? So when people are searching on Google, Google is going to recommend it, it puts your business on the first page of Google and this is a complete service, this is not only a website, the website is one of the tools that we use. We put your own domain as W naturaltinkingandremodeling. Com At the level of large companies we put a business in the 50 directories equally most important in your local area Super Pages, Yellow Pages, Yahoo Business, mapquest, thumbtech and more. What we want is to make sure that you have a constant flow of potential customers who need services and who are willing to pay well for their work, OK? And that you don't have to be going to 2 hours 20, 30 minutes, there is a lot of work there where you are. We create your official listing in Google My Business and Google Maps so Google will already recommend you and we will cover all these guidelines that Google asks and so we make sure that every day people who are looking for your services will be easy to find them. Very well, so that is how we work. Now we are going to be realistic also we want to know what is the capacity that you can take of these 1,345 searches that I am telling you and we have to be realistic, maybe not all go with you. Let's assume, because there are many companies on the first page, assuming that at least 10% is a fairly real number, we are talking about 12 to 13. If you receive 12 to 13 calls Mr. Oscar a week, how many of them could you do the work for?
Speaker C (14:27 - 14:28): Well look, being honest.
Speaker B (14:31 - 14:31): More than anything.
Speaker C (14:31 - 15:29): I have an accountant and I work. I don't think I just spend my time like some people who have their business; they already have a business and just stay at home. I'm working; I spray, I prepare, I do everything, and sometimes I don't have time to check my SketchUp. So, she's the one who calls me, ""Today is the 12th, by Monday the 16th, there has to be a house and it's from this date to that date, OK, everything is ready, you have to get it done."" I never wait. The company whose materials I like, I go get them because waiting is a waste of time. I do my SketchUp with the people and everything and I get moving, so she's reminding me all the time. So, I would have to see, because if I answer people right now, no, I can handle 5 clients, and then they call you, ""Hey, you messed up, what happened?""
Speaker A (15:32 - 16:59): And that also matters a lot for the valuation they're going to give your business, that you commit, that you're responsible. Now, look, Mr. Oscar, let's think about it this way. As you're telling me, assuming it's one, at least one, because you've been doing well, because you have your schedule well organized, assuming you could only do one, I think, and that would be approximately like 4 a month on average. I think if you at least do these four projects in any case, we would be helping to grow your business. Very good. And Mr. Oscar, the cost for this complete online service, which is your website, your own domain W Natural Thinking and Remodeling, your business in the 50 most important directories, your business in an official listing on Google My Business and Google Maps, so that Google will recommend your business, this has a monthly cost of only $363.99 a month. I think if we achieve that goal at a minimum, I mean, in a worst-case scenario it could be more, obviously, and what we want is for your business to grow, but I think if we manage to make these clients interested in your services and have a constant flow of potential clients, it would be easy for you to pay these 363 dollars and 99 cents, right?
Speaker B (17:01 - 17:03): It has a monthly cost, it would be a cost.
Speaker A (17:03 - 17:28): Consecutive monthly 363 dollars and 99 cents. That's right, month to month, and effectively Mr. Oscar, it's a month to month services, which means that if you see that we are effectively making your business grow, that people are calling you and, most importantly, that you are making money thanks to that exposure, the only thing you will want is to continue with the service, right?
Speaker B (17:28 - 17:41): Yes, of course. I understand what you're telling me, everything you're telling me, of course I understand it. But here's the thing. I say it with all due respect so that no one is offended, because apart from you, different ones have spoken to me.
Speaker A (17:42 - 17:44): This era everyone gets offended.
Speaker B (17:45 - 17:59): Exactly, exactly. Exactly. So not an offer. No, no, no, I don't know what to call it. Well, yes, okay, the offer is not expensive, honestly it's not expensive because you spend more on nonsense, honestly.
Speaker C (18:00 - 18:01): But there it goes.
Speaker B (18:01 - 18:28): Giving me a commitment for. Because I know my business very well, thank you. I am sane, regular. To commit myself and not fulfill it, I don't like. I don't like it. Why? Because until now, thank God, I say again, we are busy. Since I started my business, we are busy. I tell you again, there are times when I don't answer the calls and it looks a little bad, rude, but in my land we are like that, he who grabs too much, holds little.
Speaker A (18:28 - 18:29): Yes, that's correct.
Speaker B (18:29 - 18:36): You understand? So, why am I going to make a commitment if I'm not going to fulfill it later? OK, because later on.
Speaker A (18:38 - 19:25): This is where many people get a little confused, Mr. Oscar, because that service is not designed to overload your business with clients. The service that we are offering is for you to choose the clients that best remunerate you. It's so you don't have to be traveling far, Mr. Oscar. Now, in any case, what it means to have a professional website and put your business online, that already gives your business an additional value, that people can already know your projects, that people already begin to recognize your name. Because effectively, Mr. Oscar, there is a big difference between companies looking for clients or clients looking for the company.
Speaker B (19:25 - 21:05): That's right, you're very right. I'm going to understand you very well there. And I go back to the same thing, I'm very interested because as I say, I've been spoken to apart from different apps or something like that, I don't know what to call them. And if I quickly talk to my accountant, ""You know what? Look, these people spoke to me and like this, like that,"" she communicates with the people, just like with you, she asks for more information, everything that goes, what it is based on. Then she tells me ""Oscar, they are not asking for much, but as you just said, they are giving you, they are opening a door for you to grow more. Are you capable of growing more? Well, if you already have more sprayers, well to date no, you're the one who sprays, are you going to hire more personnel, more expenses, more payroll, more insurance, are you capable of all that?"" And right now no, because I only have one year. So once you believe, when you say, ""I currently have three people and I four and the two girls that clean the houses that I have."" When you already have a bigger business, immediately you and give me the order and I communicate with those who call us and we see which one suits us best. And absolutely, enough to grow and not only here in the State of areas, you can move to Utah, you can move further up, even all the contractors with whom you have worked come from Montana, come from Utah, come from other states, from Wisconsin, come from Washington and they say, they enter calls or messages or emails, they say ""Hey natural pa, we have a project here in some buildings in Utah that is young, is paying hotel, is paying all that."" Are you prepared for that? Honestly, so, so much so no. So at least the vision does not remain.
Speaker A (21:05 - 22:47): That OK, businesses, there is no business that is a success, that has success as we want to see your business, no Amazon, or Facebook, or Tesla, or anyone in a year, I don't know how to say all that. So, look Mr. Oscar, the truth is that this is a process, it's not something that's going to happen overnight, don't think that if you do it, you're going to start being on Google tomorrow. We have to go through a validation process. Google needs to verify your business, that you effectively have your license, your registrations, that you effectively do the remodeling services, we have to put all those records in the directories. So this is also a process Mr. Oscar, it's not something that happens overnight, no? Yes, of course, we are also going to grow at your pace Mr. Oscar. Very good, because this is like any other social network, not because someone has a, a page on Facebook or on Instagram, it means that they are going to go viral immediately, that they are going to have thousands of likes, it doesn't work like that. So, Mr. Oscar, what we want is to start this process that within a year we are going to increase all these visibilities, OK? In fact, look, I'm going to send you the projection that we have for your business right now. So, in the first month we are going to build all the advertising material. At the beginning we are going to gain momentum and we are going to gain confidence with Google. There in the link that I just sent you, did you receive it, it's a bar, well, it's a graph.
Speaker B (22:48 - 22:49): What is your name, sorry?
Speaker A (22:49 - 22:51): Oscar, like you.
Speaker B (22:51 - 22:57): Oscar, give me a second, brother, I'm going. I have to talk to the Sacramento gafas.
Speaker A (22:57 - 22:58): OK, I'll wait here. OK.
",,,MANUELRAMIREZ,Oscar ,Natural Painting and Remodeling,"Caldwell ID 83605, , ",Painting and Remodeling,3,1,2,16285018,36,Oscar ,Painting and Remodeling,"Caldwell ID 83605, , ",Mountain,Low season,December,Confident & Assumptive,Male,Yes,unknown,No,No,Yes,unknown,Spanish,Yes,available,Agent,,4.2,Start-of-Call Latency,TRUE,,53.19,46.81,Mutual Dialogue,4,3,1,0,Moderate Depth,No,1,6,1:06,Resistant,Consultative & Validating,Agent,6,Yes,No,No,No,Not Found in Transcript,2,2,2,100,0,1,0,1,Yes,38,251,10,5,7,6,4,1,0.03,Rare,Agent-Heavy,Somewhat Structured,VII. Assume the Sale and Begin Gathering Information,None,No,Yes,2,3,Professional,Yes,No,Declined,Neutral,Neutral,Skeptical,Skeptical,"Customer's sentiment shifted from neutral to skeptical after the agent presented the value proposition and price, primarily due to concerns about business capacity and readiness for growth.",4 frustrations,4,100,1777,V/VI - Value Proposition and ROI,Customer,113,Customer to Discuss with Partner,Explicit,Yes,No,No,No,Soft Decline,Need to consult others,TRUE,,TRUE
8681436,2066610861,MARIAFRSAMANIEGO,12/15/2025 11:55,XFER,CP105,235,https://archive-sales.411locals.smartcarrier.io/RECORDINGS/2025-12-15/20251216-035523_CP105_MARIAFRSAMANIEGO-all.mp3,"Speaker A (00:04 - 03:08): Hello? Hello? Hi, sir. Good afternoon. This is landscaping, right in Seattle? Yes. Hi sir. This is Andy, by the way. You are the owner, sir, of the business, right? Yeah. What do you mean? Hi, sir? Yeah, I'm actually calling sir because we are seeing a search of people in your area searching online for a landscaping service. And the manager here asked me to reach out to a few local businesses that can actually take on more customers. And you can still accommodate customers here, right? Yeah. Okay. Are you business based marketing? I just want to be clear, sir. We are not looking for work. So we help connect customers who are already searching for your kind of service. So it's like about reviewing for a few local businesses for potential placement in front of real customer searches. That's why manager just confirms which ones fit the criteria. And you are still open in accommodating customers, right? For any landscaping service in Seattle. I need consumers. I need consumers. Not having consumers for right now. I'm sorry. Yeah. I have only consumers. Only consumer. I need more consumers. Yeah. Oh yeah. That's what we're trying to do, sir. We help connect customers who are already searching for landscaping. That's why we are concerning, sir. If you can still handle customers. If you're still exempting customers, sir. No. Okay. What is exactly what is your business for you? As I've mentioned, sir, we are looking for a reliable business in the area that can still handle customers. Because what we do is we study the number of people going online and searching for a landscaping service in Seattle, Washington. That's why we are asking or I am confirming if you can still accommodate customers for landscaping in Seattle, Washington. In Seattle, Washington. Yeah, I mean here. Which I know how before somebody make one website for the website for the two years ago. Two years ago make it for my website. But the problem on my website the body says looky. No, no message, no call me, no nothing. Yeah, I'm sorry to hear that, sir. I'm talking to Areo, right? Yeah. Okay. I actually have are my manager Benj Benjam are the owner can accommodate customers for landscaping service in Seattle, Washington. Yeah, my business is. My. My email address is. Hello. Hello sir. How you doing today? My name is Benjamin, area manager with four one locals. Those one task to call you, sir. We are looking for a.
",,,Benjamin Franklin,12/15/2025 11:58,AGENTDIRECT,https://archive-sales.411locals.smartcarrier.io/RECORDINGS/2025-12-15/20251215-115843_CP111_ERNESTOALFAROCORONA-all.mp3,P2P,UG142,2685,"Speaker A (00:03 - 00:12): Okay. I actually have your Arevalo, my manager Benj Arevalo. The owner can accommodate customers for landscaping service in Seattle, Washington.
Speaker B (00:12 - 00:15): Yeah, my business is. My email address is.
Speaker A (00:25 - 00:41): Benjamin, area manager at for locals. Those wanting to ask Maria to call you, here we are looking for a lot of business. I would like to take on more work, more clients. We see people aligned searching the mortgage industry area and we just want to ask a few questions to see if you can be a good match with.
Speaker B (00:41 - 00:55): Yeah, I did have to say my website. My website is not working. Yeah, my website is not working for. Maybe I need sixteen porque es no worky hay moja costumbre.
Speaker A (00:55 - 01:03): Hello, Spanish. Hello, good afternoon, how are you? Yole, excuse me, how are you doing? What's up, how have you been?
Speaker B (01:03 - 01:07): Well, you should have told me you spoke Spanish because I hardly speak English.
Speaker A (01:07 - 01:12): A little, I even caught a little of your accent, because sometimes the ""pachanos"" defend themselves to me. I'm sorry.
Speaker B (01:14 - 01:25): I'm going to explain the cursed situation to you. Yes, what happened so that I get calls from you in the first place, do you guys do marketing, make websites and all that, right?
Speaker A (01:25 - 01:27): Yes, yes, yes.
Speaker B (01:27 - 01:55): Okay, look, I made a website two years ago, I had it, I had it for two and a half years and I didn't get a single result from it, not a single result, nothing, no one called me, they just looked at the page and no one called me, I didn't get a single. Not a single customer did I get with that website, so, what happened, what could have happened there? Do you have any idea, more or less?
Speaker A (01:55 - 03:01): Yes, well, precisely, sometimes an organic page is made and it is not optimized correctly, exactly. Organic means that people have to put the name of your business in Google to find it, right? Now, people who look for service don't put a name, they always put the service they are looking for, for example, landscape and put landscape company near me, there are many factors, sometimes it may be that they don't do the backlinks correctly. You know applications so that Google recognizes you more. Two, sometimes if you don't have much review it helps you a lot or three, the third one is simply what they offered you and what you did, right? Unfortunately when a bad experience comes and they tell me this it is because it is always organic, normally it never has results because people to find you always have to put the company name and that doesn't happen. Optimization takes a little time, but it works well. As long as the optimization is completely good, okay, that's what we do here too. We do the complete optimization not only in your area, but based on what is offered, which in this case I think is landscaping what you focus on, right?
Speaker B (03:03 - 03:34): Look, my license is to do everything, everything, but, but my ads are on the hippi, Facebook and all that. That's what's up. Okay, I want to explain to you as well. So the lady who made that website told me that I could renew it. I can't renew it. I already renewed it for two years and I didn't get a single customer for having that website. And you know that one needs to invest, if there is no work, there is no money to invest.
Speaker A (03:34 - 03:36): How much did that lady charge you?
Speaker B (03:37 - 03:45): She didn't charge me much. She charged me little. Yes, two years ago, not even. Not much. I remember how much she charged me, but she didn't charge me much.
Speaker A (03:45 - 03:47): Well, check this out.
Speaker B (03:49 - 04:00): The thing is that I need a person who can help me get clients. I want to see if my website has. It has how to point to my email. You go to my page and you'll see.
Speaker A (04:01 - 04:13): No, I already saw it just now, I'm just seeing if the page is pretty, well in fact it's fine, even well done, right? But I imagine it doesn't work, right? So what's happening, check this out.
Speaker B (04:13 - 04:36): Everyone tells me, the website is well done. Now there is a problem, they say there is a problem because they don't communicate with you. Then others tell me that the email is not, it is not related to the website and so I asked for help, to fix it for me, but they said that it can't be fixed, that you have to make another one again and so on.
Speaker A (04:37 - 05:11): On the web page it doesn't matter that your email doesn't have login or anything. The Google My Business. There are two things to explain it to you well. Okay, here it goes. There is the website VGC and then the Google Mac Business, the Google profile to appear on the map, okay? There goes the Google profile. Sometimes you see that you have your email in Trenco to create the Goon listing, for example, you to log in to that, you would have to enter Google with the email where that profile says and you have to put in Google, type Google My Business Profile and then I'll look to see if you have access or not. It's very simple boss. Okay. And yes.
Speaker B (05:13 - 05:35): It says that I didn't study computers, so I can see that it costs me with that. That's why I pay to do that. Yes, because they didn't give me a computer study and this, well, I'm going to the libraries to ask for a favor to help me see what the problem with the website is? Why don't they communicate with me? That's why it costs me. Yes.
Speaker A (05:37 - 05:50): This Google profile, let's say that you keep the same one that you had before. The pure Google page we are talking about. No, the page, the Google page. Okay, do you have access to that email or have you lost access, the login, well, you forgot the password or lost something?
Speaker B (05:50 - 06:00): No, no, no. I have the email here. You're seeing that it's Arevalo. Are you in my profile there?
Speaker A (06:00 - 07:08): Yes, I am seeing your page and Google profile. There they give it. Don't rush. Look, you say about the web page, now that an email that is wrong appears on your web page. That is not like it's lies, right? The information has to be practically everywhere, right? But the email doesn't affect anything, it's not good, that's another thing. Okay. I'm going to put it very simply, I'm going to explain it to you in the easiest way. Okay? You're going to maintain it perfectly. Okay. On Google? On Google, the more information you have online, the more it will help you with optimization because Google recognizes you more. Here it goes. Because if right now I searched for Arreba Landkeeping LLC or just your phone number, right now we are seeing that you have your website and your present, nothing else up to there. And I think a page like a social network, nothing more. What happens there? You are only in three parts. What happens here? We have to add something in more applications and make that a backlink as a link to your Google price. One in the applications where we put link Arevalo, we have to put your information correctly as you have it on our Google process so that you like more with the transmission and with the ranking. What is this process called? It's called Online Citations.
Speaker B (07:08 - 07:10): In fact if you punctuate on Google.
Speaker A (07:10 - 08:45): Online Citations for Google Map Business, you will see this same process that we will do for you to help you with ranking and optimization. That thing of the keywords that you say Hey, if I put land keeping near me I don't appear, is because it is not being optimized that way and also because there is no keyword functioning working with your backlinks, so that is what you need to work on. I'll put it very simply, if you started today with us, what can you expect from the process? How long does it last? How would it be? Okay, here it goes. In month number one we work with your entire platform, we create the base of all this so that in premium number one it comes out in your zip code, in your area in your zip code, you will be able to come out on the first page under a list of 5 long keywords which is a long to keyword, would be for example for you Landscaping Service, Nearby ME or things related to your service, tell me also so that it works well for you. In the second month 17 keywords are improved already more zip codes around you, not in the whole city, because Seattle keep in mind that it is a large city of more than two million people to cover the entire city. Of course, imagine it could take from a minimum of six months or a maximum of a year or ten months, okay, it does not mean that there will be no results, but simply what it takes for you to have maximum results for the optimization of the ad to cover more areas. But first it would be zip code. Second, more zip code developed with you, well the city constantly for being the little time, the investment is worth it because well let's say that you get some five jobs in six months, well it was worth it because you don't pay much.
Speaker B (08:45 - 08:46): And from there exactly.
Speaker A (08:52 - 11:13): There is another service called Sponsored Google, but that is paid to Google directly, that they charge you per click, that if you do not want to wait six months to be like the first page in Google all Seattle this comes out alive in 7 to 10 days. This program is a charge per click, if someone clicked on you doing a follow-up they can charge you from $2.18 to a maximum of $5 with 19 cents or between those depending on what your industry is, what your city is. In this sponsored one if you want to cover Seattle and another city at the same time you can do it, why don't you need an address to verify the account with Google with video? That directly one pays Google directly to occur the city that you want. Two, that is like a commercial type Z because you can put a schedule, which is a schedule that you put that you want to have it from 8 in the morning to 5 in the afternoon live the ad, and then turn it off so that your budget lasts longer and two, so that also at night someone clicks on you and they charge you because at night they look for your service, well nobody, right? Pure people who are looking for things that no, right? Then that is better managed, it is faster only that investment more aggressive because. But if you are looking for something very fast, it is worth it, because I tell you, it comes out live almost a week, ten days, depends which one you pick. And the third option that we have is that of Lead Generation. I don't know if you have heard of an application that sells leads, that sells you leads, pure potential customer, no? Practically we make the ad, not under your name, but on social networks and that ad people come a way asking for information about your service or waiting for your call, people would put their number, name, service they are looking for. We send that contact to you directly and you have to talk to them, right? And an estimate with an appointment. But instead of them talking like that directly, they are going to wait for a call from you. It is more different because if you open a lead, sometimes they don't answer you because it is on voice button, it is driving, you can find the investment. That's why the ad on Google is better, because Google we speak in electronics, well it is worth it, but depends which one you pick also. Okay, but we give you options, right? That of having a page like the one you have right now, organic, well we have it very cheap. And the other of optimization, well it can vary in price from 121 to a maximum of 365, depending on what your zip code is.
Speaker B (11:13 - 11:18): Between that, in the six months how much does it cost me in the six months?
Speaker A (11:18 - 11:23): In the six months what is the zip code? To give you a. To tell you how much. How much does it cost?
Speaker B (11:23 - 11:38): 98 1. 98 1. 73. Look, in each area there is a code. That is the problem, that I can't tell you, I mean, I give you my code, but in each sector there is a code.
Speaker A (11:38 - 11:47): Exactly. Give me the zip code of the office address or of your business rather in that case of my business, where the business is located, the address.
Speaker B (11:47 - 11:58): No, it's that I don't have an office, I only. I am like them. I am a beginner, I am still like this, I mean, getting clients and I was a beginner.
Speaker A (11:59 - 12:10): Would it be the zip code of where the company is, of your address rather reach office apartment, office, the zip code only? No, the complete address. The pure of the CO What would be the code of everything?
Speaker B (12:10 - 12:13): It's 98 78 is the area.
Speaker A (12:13 - 12:23): Okay, is where I say? If it works or not so much really because it's small, nobody there where you are?
Speaker B (12:24 - 13:26): No, look, I don't have clients right now, I'm looking for clients, I'm just looking for clients right now, I'm going to turn two years old, I'm going to turn two years old around there, yes, two years maybe, I've been a little longer, I've been a little more than two years now and that, but what I'm telling you is that they made me that website and no, I can't invest because it doesn't generate work for me and I don't have money to invest, that's the problem, because I, my license, my license is to do painting, to do sari, to do, to clean roofs, clean garages and all that, all that, to do las kipi, trinar earth, ya barca, soyo, taibos, ya do frile, I mean everything near, everything is dex, ya fencing, all that is my license to do all that.
Speaker A (13:27 - 13:36): Look the aero for example, it's that it's by season right now that is, I think it's raining with you, it's cold with you, no, the time no, I mean it's raining and everything right, I mean everything.
Speaker B (13:38 - 13:40): Look, here it has been 10 days, I said the rain has not stopped.
Speaker A (13:40 - 14:35): 10 days, imagine if it were turned correctly and pure naski, you will not have an incident, they will not look for you, right, that is by season also because that has much to do boss, then you would be better off putting yourself as General Contractor or as Remodeling Company, take out renovations or General Construction right, that maybe it was a vote error, right, but that it was organic, it's simply that also, right, Then very simple, if you put yourself as Home Improvement Remodeler or General Contacter in the optimization it would be more convenient, because it would be for all that of what you are looking for, painting, roofing or comfy work, that depends on the industry also, OK, for example, if you visit the landscaper and do pure gardening work and they are in a place where it snows in December, you will not have anything, right, because it is the same, right, Then it is depending.
Speaker B (14:36 - 15:06): In January, it snows a lot, the 15th it snows in January, exactly. I can make cabinets, I can do drywall patches, I can put up drywall, I can tape drywall, all that. Well, but my license only, I mean my ad only says Gardening. Gardening. And, well, there are several, there are several. Arevalo, Lansky. I want to ask you which Arevalo the Kitty Sauce got mixed up with. I want to ask you that first.
Speaker A (15:08 - 15:24): We have a system for our clients. Just by putting in the phone number, can we find your Google PC or your page, whatever you have or Job, right? We find the number and if it comes up that you have one, let me send you what I'm seeing.
Speaker B (15:25 - 15:30): Yeah, because there are a ton of them. There are a ton of Arevalo Landscaping, there are so many.
Speaker A (15:30 - 15:33): I know I sent it to you.
Speaker B (15:33 - 15:40): No idea, I’m asking. Yeah, because if you're not on my page, I think you're going to work for someone else.
Speaker A (15:43 - 16:04): You have two reviews on your Google page, your phone number 2066-6161 is a phone number and your website is the one with Seattle, Washington, you have the TikTok connected there, even that is green and your name is in yellow, orange, something like that, right?
Speaker B (16:06 - 16:07): Email.
Speaker A (16:08 - 16:12): The email is what worries you, what you see, right? You want to change it.
Speaker B (16:13 - 16:24): No, no, I don't want to change it. The email is fine, I just want to associate it with the website, because it says it's not there. It's not there. That's what they tell me.
Speaker A (16:26 - 16:44): Look there, Arevalo.Com comes up. There are many companies that will offer promotions. I'll be very frank, it's just that some of them tell a lie, right?
Speaker B (16:44 - 16:46): For example, there are thousands of companies that…
Speaker A (16:46 - 17:27): They're going to call you or tell you that they are part of Google, but it's a lie, not even Google will talk to you like we do. We are a company that is certified with Google. We are not from Google, but we are certified with them. There are more than a thousand companies that offer the same thing. I'm telling you, the certification we have with Google, I think only 45 companies have it here in the United States. This one that I sent you, look at it, it's going to say locales.COM has a 70% optimization rate for the ad and complies with the terms and conditions to be associated with Google. And your whole name comes up there too. In fact, on the Google Direct page, if you were to go to Google.Com certifications, you will see Cuatro Locales there too. Business number. Many companies don't have that.
Speaker B (17:27 - 17:52): OK, I'll tell you. You said that I was… The jobs I've gotten are from handing out cards, but I've been scolded for handing out cards. I went to leave cards in a mailbox and a man told me, look, why don't you make a website? He said, why don't you make a website? Stop touching the mailboxes and make a website, that's what he told me.
Speaker A (17:52 - 18:47): He told me. Yeah, boss, look. Yeah, but no, look, you can't touch that in mailboxes, but you can put it on a door, you can. And I know landscaping businesses that are in gardening and even knock on doors. You can. They can't tell you anything. Obviously, if you go into a private place that is an HOA, which is a Home Association, something like that, right? You know that the HOA is private, even the security there is private. But if you go to a public place, obviously if people object, well obviously even the police, as they are, right? But those you can't touch until the door, nothing happens because well, your company is already registered, you have your LLC. Registration. After that, there are companies that don't even have registration like you, boss, or insurance, and that's how they go, imagine. And they still work like that, but you're doing well, they can't tell you anything, not even the city. I think if you go to the city, well, we have a permit from the man, even that, right? So they don't bother you.
Speaker B (18:47 - 19:31): Nobody. My license is to work in residential commercial, but my license doesn't say residential commercial either. No, I can work in all those areas. Well, not in private, as in private neighborhoods, I also have access to that. But my license doesn't say residential, I mean my ad doesn't say residential commercial, it only says Last Keeping, just like that. And the area is there. I have 80. 80 seeds around Sharo, that's what I have, 80 miles is what I cover. But the website doesn't work. Why doesn't it work? That’s my question.
Speaker A (19:31 - 19:39): It's not optimized, it's not organic. Look, it's going to send you to a page where you're going to see your license number, from…
Speaker B (19:39 - 19:42): He lives in…
Speaker A (19:42 - 19:48): Arizona? No, we're here at 8201. No, we're not in…
Speaker B (19:48 - 19:50): Arizona. Where do you live?
Speaker A (19:50 - 20:02): You? In Los Vegas. Look, on the Vitapedia page that I sent you, I think because it comes up in 2023, you registered it on August 22nd, right?
Speaker B (20:02 - 20:04): Correct. Where did you send it? In…
Speaker A (20:04 - 20:14): WhatsApp. That's where, through the normal text message, that's where... In WhatsApp, we don't have it, sir, because the system doesn't let us use it, a text message, and run our info. I sent it to you there, look, in...
Speaker B (20:14 - 20:20): The text message says here you can see license numbers.
Speaker A (20:20 - 21:40): It says. Yes, boss, on that page you will see your registration information, in fact your address and everything comes up there, right? The folio number you have is 605 315 727, but that's you, right? Here you can be in the state of Washington, correct, and you have your Limited Liability Company. So on this page you can check all your information. I don't know, did you know that when you registered? Normally they say it, but sometimes they don't tell you, right? But look at it, check it out, it's very good, right? And there are also digital business cards. I sent you one that I have with a company that we made for him, but digital, a QR code and everything, we put your website, QR code, social networks and everything there, I sent you the sample. But it is a real landscaping company, only it is in Buenos Aires for training in the United States, Canada, Mexico, Australia and Bulgaria, where this company I am talking about called Cuatro Locales has been doing digital promotion since 2007 and has worked with 70,000 companies. I have only been working here at this company for almost three years now. OK, what I provide is what I do here, my job is to offer the promotion, if you do it, well, we register it in your account, if not, nothing happens, right? That's what I do.
Speaker B (21:40 - 21:46): do. And can another website be written with the same presentation or…
Speaker A (21:46 - 21:47): No? Ah, like…
Speaker B (21:47 - 21:53): Same with the same design because it says that one can’t be fixed or if it can be fixed?
Speaker A (21:53 - 22:10): That one? Here you go. If you register with us, it is better that we use ours because one is already included in the package. Two, so that the information that in Google comes direct and so that everything is securely connected. Now yes, it is better to do it that way to comply with all the Google regulations. OK. So that you can…
Speaker B (22:10 - 22:14): Obtain. You didn't tell me how much the price was for the six…
Speaker A (22:14 - 22:20): Months. Ah OK. It would be like a general contractor, right? Allow me.
Speaker B (22:21 - 22:42): I wanted to put remodeling, right? No, not remodeling, just paint. Paint and wood flooring, I would put that, but we could talk about that beforehand, I almost have it on my card. I'll just send you my card and…
Speaker A (22:42 - 23:48): Yeah. If you work with us for six months, it's $1829.94, right? Six consecutive months. But we don't have to sign anything here from month to month. The service with us is postpaid automatic recurring. What is postpaid? Let's say you're with me today, right? That starts with $49.99 and stays with me until January 16th, that would be $304.99 divided per month, right? Now, from that January 16th to the 18th, until January 18th, suppose you leave, that you no longer work with us, you are charged for the two days worked. That means postpaid, that is, you are charged for the workers. Does it make sense? So that's what the package comes out to be, well, 49, write it down with the program, activate the account and so you stay with us from month to month. It's $304.99. Now, we can give you the option to pay for follow-up in advance, but we prefer to start little by little so that you can also see how the program works and also be our company. It is for homicide. It is never signed, that is why we never have to sign anything, it is from month to…
Speaker B (23:48 - 23:50): Month. But the one made of…
Speaker A (23:50 - 23:54): Website. The website would be to create a new one. Let me send you a…
Speaker B (23:54 - 23:55): Sample. OK, allow me to create another one.
Speaker A (23:55 - 24:23): New one. Yes sir. Yes, because look, the domain, we don't have access to the domain to optimize it, that's one thing. Two, sometimes because of Google regulations, we have to do it correctly with backlinks. So it's better to make a new one. Now, if you already bought this website, you bought the domain, you own that, there is the possibility that you can connect it to the new one, right? So you can practically have K, right? But if not, well, we give you that option too, give you the 9 already. And that's it so you don't pay for…
Speaker B (24:23 - 24:25): More. Can I ask you a…
Speaker A (24:25 - 24:26): Question? Go ahead, boss.
Speaker B (24:26 - 24:30): Tell me. Look, can you see what domain I have? There on that page that…
Speaker A (24:30 - 25:16): I have, that's the domain. Let me explain what a domain is very simply. OK. A domain is your name, right? Correct. There you go. Your domain is arevolonatkeepinglnc. Com. OK? That is your domain. Yes. Now, the woman who created a website for you, I don't know if she has the login to this, that is, the password to have your login or two, you have it, right, you just forgot it, but it's very, I mean, I don't know what arrangement you had with the woman who made the website, right, I don't know if you said I'm going to pay you month to month, I don't know, you said that you were going to pay every year and she was going to maintain it.
Speaker B (25:16 - 25:50): So I paid her six months, six months in one go, but I don't remember how much I gave her, you see it was two years ago that she did that, but I didn't get a single job, nothing, they didn't call me, nothing, they didn't even message me, nothing, not by message, not by… not by email, nothing, nothing, absolutely nothing, it was put on social media, but I didn't have, no, I mean, I didn't get a single benefit to be able to invest, nothing, nothing, nothing, back.
Speaker A (25:50 - 26:21): To take out a little spot so you can pay her, right? Look, it's that it's organic, well, that's what I'm telling you, organic, right? So it's difficult to have traffic there, right, to have views, let me show you, look, I'll make it very easy for you, I sent you a sample page right now and I'm going to show you a company that works with us in this so you can see if, how it would work if you do it with us, OK? And so you get an idea, so maybe allow me to send you, allow me to send you, I'm going to send you the presentation as it comes out, OK, I don't know what I'm seeing.
Speaker B (26:21 - 26:22): seeing.
Speaker A (26:22 - 27:22): I'm seeing, this last one that I sent you is the service, look, I'm going to tell you very frankly, you, me, anyone can be a web page, everyone can be a web page, there are applications, what I'm telling you is that anyone can do it on a web page, it's very easy to do, this, I did it for you now for a professional sample and they are yesidas with your domain, what would be the domain for you in this case if you do it with us in yes, the page is ready and everything, we would change it obviously and two, this page that we make is designed to be on the first page in Google under the optimization with the Google profile, low connectors and well, now the page that I sent you right now, let us open it, I'm going to show you a company, it's a compatriot too, OK, the company is called Buy a Country Contract to Some More LLC, I'm going to show you how it comes up in Google and everything. OK? On the first page and all that. I'm sending it to you. There it is, look. It says you can open it.
Speaker B (27:22 - 27:24): OK. It's good. I'm watching, but…
Speaker A (27:24 - 27:40): No. Look, here you go. You see the company name, right? You see that he has 52 leads per month. A lead is not a job, it is a potential customer through the advertising program. You're going to see, scroll down and you're going to see that he has been with us for more than two years.
Speaker B (27:40 - 27:50): OK? And I only see… No, look, it doesn't offer me the link and it appeared. But the other one, the one that appeared a message, that's the one I saw where…
Speaker A (27:50 - 27:56): It says. It says this from…
Speaker B (27:56 - 28:16): Here. Here, there's history, it says this from here. OK, look, 502 plus leads per…
Speaker A (28:16 - 28:43): It says and scroll down and you're going to see that he has been working with us for more than two years. He has 52 bits per month and 1236 Google My Business. Business. Business. The Google profile. Do you have the Game? I think you do. You know how to use it I think, right? So you can see how many visits you have. Visits, something like that, right? Go on, look, click where it says 35.
Speaker B (28:43 - 28:50): There. Here it says 35. Yugo brev. I give it.
Speaker A (28:50 - 28:53): There. Click on the little box. Go on, give it to me.
Speaker B (28:53 - 28:56): Boss. The little box of 1236 or the…
Speaker A (28:56 - 30:13): 35? No, the 35 one is where I'm at. Here you go. Look, we appreciate several things. We're going to see a lot of things here. OK? Look up, see that they're in Angeles. From their website, scroll down. A Google page. All their information that's on maps is going to be there, which is in many more apps, not just one or two. That's what I'm going to show you. On their website, click on their website. That's the one we did for him. OK? It's just kind of simple because maybe he didn't add a lot of photos, right? But that's how you want it, too, right? That's the one we did for him. OK, so now I'm going to send you how it comes up on the first page in Google. If someone searched for Concrete Contractor in Winchester, Virginia. Why Winchester, Virginia? Winchester is almost the same size as what you searched, a little bit smaller. Hold on, don't hang up. He's number one there, boss. Open the last message I just sent you. The last one. Scroll down a little. And he's from the country, the one from Valle. In context, I'll give it to you.
Speaker B (30:13 - 30:23): The link at the very beginning. At the beginning there's a link that says Google Home. The last one doesn't have a link, it has it here at the...
Speaker A (30:23 - 30:25): Beginning. Click there and here you go.
Speaker B (30:25 - 30:40): Open where it says Family hombre, there. It says Family hombre there. And a photo appears here, a photo of some trucks. Yes, no, no, a photo of some trucks.
Speaker A (30:40 - 30:50): It appears. Yes, and it appears. Where it says this one here. Hay nero, Jefe Dinero. Hay.
Speaker B (30:50 - 30:53): Nero. Yes, or I appear there.
Speaker A (30:53 - 30:56): I appear there, your family, look, no.
Speaker B (30:56 - 31:02): Look, this is where I am. Here I am seeing my... What's it called?
Speaker A (31:02 - 31:11): Right now? Ah, I clicked on the thumbs up, right? No, look, maybe it says this one here, click on this one here, it says on...
Speaker B (31:11 - 31:13): The messages you sent me right now or the...
Speaker A (31:13 - 31:14): Other one I sent you.
Speaker B (31:14 - 31:33): Right now. Let's see what we're looking for here where it says. Here's where he's fixing a concrete wall down below. I'm carving down below. That phone number is 2-53-922-40-57. Is that...
Speaker A (31:34 - 31:49): No, scroll down, scroll down, further down, a little. Is Google coming up now? Yes, right? The Google list is already coming up, right? Look for the one from Valle Concrete, the one that was with us, the one I showed you.
Speaker B (31:49 - 32:14): Right now. I was seeing it a little while ago, but Virginia, Google where it says Charme, wait, where it says Concret. Here it says concret, but I'm looking higher up where it says concret.
Speaker A (32:14 - 32:50)","): Cc. Correct, yes, in the text message. OK, where I sent you the message, that's where you always entered, right? And you already see the Google page that opened Google, right? If you see in the search bar, you already see where one writes things to search for things, you see where I put Country Contractors, Winchester, Virginia, the zip code 22601, right? You see? Buyer Country Contractor, the company that works with us in the first place, below with Car Company, the one from Valle, go below, scroll down a little. Estructura, the one from Bay, you see it?
Speaker B (32:50 - 32:55): Right? Then another one comes up that says West Concrete Contractores. That's not it.
Speaker A (32:55 - 33:14): It is. You know what happened. The sponsored ones are already coming up, the ones that pay Google directly, that's why. It comes up in the first list, right, Boss Amor above, well when you search for that.
Speaker B (33:14 - 33:16): He's a concrete worker, he's a concrete worker this man.
Speaker A (33:17 - 33:35): He's a concrete contractor, he does driveways, he does sidewalks, he does everything. Now, this company, when people search for Country Contractor in Winchester, Virginia, he comes up in the first list on the first page. Now with you, people don't see it that way. People search for your name without the word.
Speaker B (33:35 - 33:37): Key. That's what I think.
Speaker A (33:37 - 33:47): That those are the keywords for this to work, they're looking for it so you get an idea of how it has to work so that now people can see it, now people can talk and that's what I... Agreed.
Speaker B (33:48 - 34:10): And right now, well I'm not working right now, I can't invest right now, like I told you, we can talk next year, I can call you when I have the money. Yes, well if I have money at the end of this year, well we'll talk if I win it and we'll try it. Like you say, one month, maybe two.
Speaker A (34:10 - 35:09): Months. No, I, Franco, don't want to do just one month or two just to waste your money and time, because like I was telling you a while ago, it takes a little more time for the optimization to work almost 100%, right? So that it covers all the areas, but especially the most protective ones first, right? Now, referring service, I know, you had a bad experience before, right? And it's even hard to trust, but see what we did, that's what we want for you in this case. OK, same, but for Tesla and other compared ones maybe, but I say, with a little time, see it as an investment now, for example, if you were looking for something safer, faster. There's the one from patos lado, it's just a more aggressive investment that costs a minimum of $400. And there's another one where we sell leads, we sell you contacts, we give you that option too, but I tell you, it's what you prefer, right? We give you options for whatever you need, we'll do it.
Speaker B (35:10 - 35:15): Right? And they sell you the contact to...
Speaker A (35:15 - 35:20): One. The contact costs $30. Each contact costs $30. $30. This is...
Speaker B (35:20 - 35:21): Different. This one is...
Speaker A (35:21 - 35:59): Different. We send you the contact within seven days or more, whether you invest in contact ten contacts, twenty, fifteen or three minimum. The minimum is in the three. That's what is invested in this one as such. That one, for example, makes it easy. Let's say you grab 10 contacts, that's 300 dollars, 10 contacts. Let's say then you change the contacts because you need more, if you liked it, you invest twenty, thirty or ten or five. Whatever you need is what we sell you. That one for the contacts is really called busquet in Google, look it up, that's what it's...
Speaker B (35:59 - 36:42): Called. Well, I would like to, I would like one to generate, to generate clients. So if I see that, say if I wanted to do six months, see how much the six months sell me and this already, if I see six months, I'm making money, we can renew, yes, we can renew and so on, because I need, if I have clients, it doesn't cost me anything to say, look, they tell me you're going to renew your six months? Yes, because I have clients, well I'm, I'm generating money, yes, but if in 6 months I haven't grabbed any like it happened to me with this, with that lady who made me the website, that I spent more than two years with her and nothing, and she's still asking me to renew it and...
Speaker A (36:42 - 37:02): Nothing. It's that sometimes the service isn't transparent, what I tell you, there are many colleagues who offer you the same, but they don't tell you the truth, well unfortunately, right? So, sorry that you had that experience with her, right? We, well I say, we are in us, what I tell you, the time it will last is what it will do and as such, and you register with us.
Speaker B (37:03 - 37:13): But is it a card that you take a picture of and send it there, maybe to start in January to see how I am with money. I'll tell you, well right now I'm not, well I don't have patrons, no.
Speaker A (37:13 - 38:24): You don't have... I'll tell you so you mo... because what happened to you is okay, well because it's raining, no, let's say well, I'll make it easy for you, if you had started with me with the contacts, if I can send you contacts, but if it's raining, that's what I say, the season also has a lot to do with it. All this advertising is very fast, it changes a lot, it's very unpredictable. It's hard for me to say if you register with Google today and a year from now you're going to have a thousand calls, it's hard to tell you, not even Google guarantees that, right? If you do the light of Google with us, I guarantee you the maximum exposure on the Internet and come out on the first page in Google within a certain time, that's what I guarantee, and the contacts. We don't guarantee the job either, because people are going to tell you if they want to accept your price, there are many, many, many blockages, right? But well, you know how to work on that, you know how to estimate what can work for you. The law of contacts is a good one so you don't last a long time advertising, but I say, we give you that option. Anyway, I'm going to follow up next month to see how you're doing. And if we do it, hopefully there will be promotions for the price, right? And so, what.
Speaker B (38:24 - 38:35): We help you, Bye. Yes.
",,ERNESTOALFAROCORONA,AREVALO ,AREVALO LANDSCAPING LLC,"SEATTLE, WA, 98178",INTERIOR LANDSCAPING,3,1,2,8681436,27,AREVALO ,INTERIOR LANDSCAPING,"SEATTLE, WA, 98178",Pacific,Low season,December,Consultative & Validating,Female,Yes,Yes,No,No,Yes,Desperate/Urgent,English,Yes,available,Agent,SKEPTIC (Burned),4.2,Start-of-Call Latency,TRUE,,49.06,50.94,Mutual Dialogue,0,0,0,0,Surface-Level,No,3,3,3:03,Resistant/Skeptical,Consultative & Validating,Agent,22,Yes,Yes,Yes,Yes,Agent stated they would ask a few questions to see if there was a good match.,6,6,5,100,0,0,0,0,Yes,7,20,9,20,15,10,9,17,0.52,Frequent,Agent-Heavy,Somewhat Structured,"Direct Discovery Questions (Goal 1, 2, 3)",FOMO/Competitor Discussion (IV) and ROI Calculation (VI) were presented after Value Proposition (V) and intertwined.,No,No,0,2,Professional,No,Yes,Fluctuated,Negative/Skeptical,Negative/Skeptical,Neutral/Skeptical,Neutral/Engaged,"Shift from initial skepticism to engagement during technical explanations and demonstrations, but underlying budget concerns and past negative experience persisted.",5 frustrations,4,80,2685,Value Proposition and ROI,Unknown,388,No Commitment Secured,None,Yes,No,No,No,Disconnect - During Pitch/Value Prop,Unclear,TRUE,,TRUE
16279448,2066025922,GREGPHILIPSALAZAR,12/10/2025 10:40,XFER,CP108,151,https://archive-sales.411locals.smartcarrier.io/RECORDINGS/2025-12-10/20251211-024048_CP108_GREGPHILIPSALAZAR-all.mp3,"Hello. Uh, is this HMA Electric? Hello? Hello, sir. Do you hear me? Hello? Who's this? Uh, this is Greg said you're speaking with. Uh, do you still do electrical service? Uh, yes, we do. Thank you, sir. Oh, by the way, sir, this I'm calling um because uh we doing uh maybe you can help me because uh we doing several people in Tacoma Washington interested for electrician online and my manager asked me um to look for someone can accommodate customer. And whom I speaking with, sir? Your name? Uh, this is Hector. And you're the owner Hector. All right? Hector? You're Hector. Yes, sir. Um, do you do resident only, Hector, or you do commercial? We do it all. And you do offer free estimate as well, right? We do. Hector? Thank you. Yes, we do. And and if you don't mind me asking Hector, you're licensed and insured, right? Yes, yes, we are. Thank you. Yes, sir. And how and how many years Hector you're in the business, sir, running? Be in the business about 20 years. 12 years? 20, but the actual business about less than a year. Less than a year. Thank you. Oh one one moment, Hector. Hi Darwin, I do have Hector, the owner can accommodate customer. Hi, thank you. Hi there Hector. How you doing, sir? Good. How are you? Yes, sir, I'm doing very well myself. Thank you for asking. My name is Darwin.",,,Darwin Sanchez,12/10/2025 10:43,AGENTDIRECT,https://archive-sales.411locals.smartcarrier.io/RECORDINGS/2025-12-10/20251210-104305_CP111_DARWINSANCHEZ24-all.mp3,P2P,UG142,402,"Hi Darwin, I do have Hector, the owner, can accommodate customer.
Hi, thank you.
Hi there, Hector.
How you doing, sir?
Good.
How are you?
Yes, sir.
I'm doing very well myself.
Thank you for asking.
My name is Darwin.
Uh, we're actually looking for an electrician who would like to work out there in the area.
And uh, yeah, I suppose your base out of Tacoma, right?
Yes, sir.
Okay, very good.
I'd like to ask just a couple questions first, though, if you don't mind.
I just want to see if this is going to be a good fit, okay?
Does that make sense?
Yeah.
All right.
Like, can you tell me, sir, how long you've been in business now?
The business, about less than a year.
Less than a year.
Okay, I can see you've been doing this 20 years now, though.
Is that right?
Yeah, say pals.
Yeah, so congratulations.
I guess you got tired of working hard, making somebody else rich.
Is that right?
Yes, yes sir.
All right, very good.
Are you the sole owner or like how many owners are there?
Right now just me.
Just you.
Okay, so you typically work alone for now or do you have some employees on the team?
Me and my wife.
It's you and your wife.
Uh, the employee is yes.
Yeah.
Okay, can you tell me about the type of jobs you usually take on, though?
All types, commercial residential.
Okay.
Restaurant, whatever.
Yeah.
Okay.
You do uh, installs, repair, right?
Service calls, all that stuff.
Yeah.
Yeah, everything.
Okay.
Now, and you are you doing this full time by the way or just on the side yet?
No, full time.
Yeah.
Full time.
Okay.
Now, um, let me ask you this there because I mean sorry, uh, Hector.
Um, because we both know there's a lot, uh, there's so many electricians out there and you just started.
A lot of people may haven't heard of you yet.
What have you been doing so far to find customers to keep yourself busy?
I just uh, repeat customers, referrals.
Mhm.
Okay, of course.
You just have to keep make make sure you keep on doing a good job.
Eventually, um, you know, they're going to seek back your service and uh, even tell their friends about it, right?
Word amount.
Yeah.
Exactly.
Always the best out there.
Have you done any type of ads in the local paper, radio, TV or anything online?
No, just uh, just a website that we have and but nothing else.
Okay.
Well, see, here's actually the reason I called uh, Hector, okay?
My company 411 locals, we specialize in uh, watching traffic of search terms on the internet and we do see a significant amount of traffic going on from people searching for your service.
And if we talk about uh, Tacoma, that area alone for the past 30 days, I'm seeing here a total of over 22,908 searches from people looking for electrical services.
That's insane, right?
That's a lot of searches.
Yeah.
That is a lot.
So, yeah, imagine this Hector, somebody out there goes online to go to Google and they type in electric uh electrician near me, even if they don't know you, they're going to see your website, your company name popping up in first page of Google in front of them.
That should be very beneficial for your business, right?
Yeah, anything is uh, right now we're super, super busy.
Already.
But if I send you five jobs right now, are you going to turn them all down or how many can you take?
I have turned jobs down actually uh from the repeat customers just because we're already too busy and we got new construction going.
Okay.
I'm I'm literally stressing myself and uh, maybe like after January, after the holidays, I may may hire another crew, you know, add another crew and at least one more journeyman, competent person that can run a job.
But right now it's just myself and I I don't want to take any more jobs right now before the holidays, before the end of the year.
But after January, I'm going to start looking to that because uh, to share the workload, it won't won't hurt getting any more projects because we can um spread it out, you know, delegate a little more some jobs, then they'll be that'll make sense.
But right now, before the end of the year, I don't want to even because I already turned out jobs and I don't want to add more to my plate because I'm already full basically.
Okay.
But after January, after January beginning of February, I will go to uh do something like that, yes.
I love to follow you back place.
Okay, I guess I'll follow you back place.
But January then next month, all right?
Appreciate it.
Yeah, what's your what's your name, sir?
What's your name?
Uh, it's Darwin.
Darwin, Darwin.
That's Yeah.
All right.
Darwin.
Yeah, give me a call uh, I I want to say end of January and then by then I'll probably have something lined up another hire somebody else.
Okay.
All right.
Another another crew.
I want another crew, you know.
I got an eye on somebody, but I want to make sure they're the right fit.
So uh, another crew.
Um, right now, I don't want to even add anymore because we're already full basically turned down jobs.
Okay.
We got a couple of reconstruction jobs.
We got a couple of reconstruction jobs.
And yeah, Louis Electric calls got lower.
All night all day all night.
I I call ourselves all day all night electric right now.
I'm that makes sense, you know.
You you get yourself too busy, can't handle all those work uh coming into you, right?
So.
Right.
But yeah, you're obviously doing a good job, keeping yourself busy.
Um, appreciate you.
Yeah, yeah.
Definitely.
Take care.
Yeah, uh so end of end of January, let's check it let's look back and we'll see.
I might want to do that.
All right.
Awesome.
All right.
Thanks, sir.
Bye bye.
All right, bye.",,,DARWINSANCHEZ24, ,HMA Electric,"Tacoma WA 98444, , ",Electricians Lighting Fixtures  Equipment Gener,3,1,2,16279448,26, ,Electricians Lighting Fixtures  Equipment Gener,"Tacoma WA 98444, , ",Pacific,High season,December,Hesitant & Apologetic,Male,Yes,UNKNOWN,No,No,Yes,Not Angry/Frustrated,English,Yes,available,Agent,NOVICE,3.6,"Start-of-Call Latency, Intelligibility",TRUE,,43.13,56.86,Mutual Dialogue,9,7,2,0,Moderate Depth,Yes,3,2,3:02,Interested,Consultative & Validating,Agent,4,Yes,Yes,Yes,Yes,Agent stated intent to ask questions to see if it's a good fit.,1,1,0,100,0,0,0,8,No,2.07,5,3,20,9,0,0,1,0.15,Rare,Mutual,Somewhat Structured,FOMO; ROI Calculation; Assume the Sale,None,No,Yes,1,3,Warm,Yes,No,Fluctuated,Neutral,Neutral,Resistant,Positive,"Shift from neutral to resistant due to current busyness, then to positive/interested for a future follow-up.",1 frustration,2,100,402,Follow-up Scheduling,Mutual,51,Follow-up Call Scheduled,Explicit,No,No,No,Yes,Follow-up Scheduled,Timeline concerns,TRUE,,TRUE
16263279,2023172745,GREGPHILIPSALAZAR,12/5/2025 8:30,XFER,CP108,226,https://archive-sales.411locals.smartcarrier.io/RECORDINGS/2025-12-05/20251206-002957_CP108_GREGPHILIPSALAZAR-all.mp3,"Speaker A (00:06 - 00:06): Hello?
Speaker B (00:06 - 00:08): Oh, hello sir.
Speaker C (00:08 - 00:11): Do you still do flooring and tiling service?
Speaker D (00:11 - 00:14): Yeah, but are you calling from Florida?
Speaker B (00:14 - 00:15): Florida?
Speaker C (00:15 - 00:21): No, sir, I'm calling sir, in Beltsville in Maryland. Where in Beltsville?
Speaker D (00:21 - 00:22): Coatesville, Maryland.
Speaker C (00:22 - 00:26): Yes, sir. And that's why I'm asking if this is as services.
Speaker D (00:26 - 00:36): Oh, yes, yes. I just saw the. I'm sorry, ma', am, I just saw the 305 area code and sometimes Google puts me down like separate states by accident.
Speaker C (00:37 - 00:39): No problem, sir.
Speaker D (00:39 - 00:43): Yes, of course I do. I do all of Maryland, Washington D.C. metro area.
Speaker C (00:43 - 00:44): Perfect.
Speaker B (00:44 - 00:45): Well, this is.
Speaker D (00:45 - 00:47): And right now I have a 35.
Speaker A (00:47 - 00:50): To 40% sale going on for the holidays.
Speaker C (00:50 - 01:10): Perfect. Well, that's good. So this is Rebecca you're speaking with. Maybe you can help me while. I'm actually sorry calling because we do see several customers who does interested for flooring and tiling online. And my manager asked me to look for someone can accommodate customer and who am I sure?
Speaker D (01:11 - 01:12): I'm sorry.
Speaker A (01:12 - 01:14): I'm Fred. Fred Nasrali.
Speaker C (01:14 - 01:15): And you're the owner, Fred, right?
Speaker A (01:15 - 01:17): I am the owner. I'm the CEO.
Speaker C (01:17 - 01:21): Thank you. And do you do residential, Fred, or you do commercial?
Speaker D (01:21 - 01:23): Yes, I do residential and commercial.
Speaker A (01:23 - 01:24): Have a bit of both.
Speaker C (01:24 - 01:28): Thank you. And you do offer free estimates, Fred, right?
Speaker A (01:28 - 01:32): Yes, free estimate. I come out myself and do free estimates.
Speaker C (01:32 - 01:35): Perfect. And you're insured license?
Speaker A (01:36 - 01:44): Yes, I am. No, I am insured. I have a business license in Maryland. I have all documentation.
Speaker C (01:44 - 01:46): And how many years is the business.
Speaker D (01:46 - 01:49): Friend running this business?
Speaker A (01:49 - 02:19): As service started in February of 2025 and I started it after 25 years of working for my family business, which is All Star Flooring, Inc. And we did residential and commercial, but we dropped the residential and then I saw a little vacuum there, so I decided to pick up on that area and do on my side time to the residential and little commercial jobs for myself.
Speaker C (02:19 - 02:24): So that would be how many years in total you're being in.
Speaker A (02:24 - 02:28): So 25 years in total in the career in the industry.
Speaker C (02:28 - 02:40): 25 years. Wow. So you must be a reliable business friend. Thank you, sir. Congratulations. Well, one moment. Do you stay only you travel around the metro area, right?
Speaker A (02:40 - 02:52): Yes, Metro, Washington D.C. metro area and even Eastern Shore sometimes depends if it's. If it's the whole house. Yeah, but it's just a couple rooms. No, but Metro DC area is my main area.
Speaker C (02:52 - 02:59): All right, thank you. One moment here, sir. Hi. I do have Fred, the owner, Karakawa, customer.
Speaker B (02:59 - 03:00): Hi, Fred.
Speaker D (03:00 - 03:00): Hi.
Speaker C (03:01 - 03:02): Hi. How are you doing today?
Speaker A (03:02 - 03:04): I'm fine, how are you?
",,,Ice Bello,12/5/2025 8:32,IG114,https://archive-sales.411locals.smartcarrier.io/RECORDINGS/2025-12-05/20251205-083338_CP111_ISIREABELLO-all.mp3,SALE,UG142,3571,"Speaker A (00:03 - 00:06): Hi, I do have Fred, the owner can accommodate customer.
Speaker A (00:08 - 00:09): Hi, Fred.
Speaker B (00:11 - 00:11): Hi.
Speaker A (00:12 - 00:13): Hi. How are you doing today?
Speaker B (00:15 - 00:16): I'm fine. How are you?
Speaker A (00:17 - 00:24): Well, I'm doing great. It's Friday. I have nothing to complain. Thanks for asking. Fred, this is Ice Bello.
Speaker A (00:25 - 00:29): Well, this is Aiz Bello, one of the area managers of 411 Local.
Speaker A (00:31 - 00:43): And I'm calling. Ask my assistant to call you because we're looking for a reliable business in the area that we can work with. So I'm going to ask a few quick questions to see if it's going to be a great fit.
Speaker A (00:44 - 00:48): So what kind of jobs do you usually take on, Fred, if you don't mind me asking?
Speaker B (00:50 - 01:32): I take on almost all flooring jobs except for I have subcontractors for these type of floorings, epoxy, terrazzo, and any kind of like outdoor. Any kind of outdoor tiling that. That gets engraved or embedded into things. So I outsourced those three items. Everything else was flooring. Wood flooring, carpet, office carpet, home carpet, tile, laminate. All you can think of, I do myself. I have my own major account with all dealers and everything. Yes.
Speaker A (01:32 - 01:40): Wow, that's great. So you provide us to residential, commercial, or mainly Residential? For now I do both.
Speaker B (01:40 - 02:06): I just, I just finished a restaurant in Washington, D.C. called the African Lounge and Cyber Lounge. Those are both commercial. And then I just finished a house in Berlin, Maryland, where we did all the wood flooring. And then there's another house here in Maryland close by that I just finished doing some wood flooring.
Speaker A (02:07 - 02:14): Wow. Well, making. Being busy, right? I mean, getting busy, huh? Making money.
Speaker B (02:14 - 02:16): Yes, slowly. Slowly getting busy.
Speaker A (02:17 - 02:26): Well, of course, that's the goal. You know, that's one of the problems most business owners would want to have. Now, do you have employees helping you out with that one or just doing it alone for themselves?
Speaker B (02:28 - 02:54): I take care of the paperwork and all the scheduling. And when I have time, either I send someone to come out and measure or if it's something that's a little bit larger in scale and needs a little more skill, I just come out myself and I. And I take care of the measurement with you or whoever the person in charge is and get more information just to make sure it's to your liking.
Speaker A (02:55 - 03:02): Right, right. I like that. You know, considering the. What customers would like and would need. Just want to confirm, though.
Speaker B (03:02 - 03:09): You're saying I have a car full of samples of all kinds of wood, carpet, ceramic.
Speaker A (03:10 - 03:22): Yeah, right. That's even amazing how these people can just choose, right, whatever they like based on their preference Now, I just want to confirm your sales. A zip code of 20705. Bread. Right.
Speaker B (03:23 - 03:27): 20705 and 20854.
Speaker A (03:28 - 03:32): Let's start with where you're based out of. What zip code is that?
Speaker B (03:32 - 03:34): Okay, I'm based out of 20705.
Speaker A (03:35 - 03:42): Thank you so much. Now, how many people do you have again, helping you out?
Speaker B (03:43 - 03:44): I have about 10.
Speaker A (03:45 - 03:48): Wow. Working full time or they're just on call?
Speaker B (03:51 - 03:55): Right now they're working full time. So when I don't have a job, they're going to be on call. But.
Speaker B (03:57 - 04:01): Luckily for me, things been okay. So I have been ongoing.
Speaker A (04:02 - 04:09): Well, I'm happy for you. So if I were to send you 20 leads in a month, Right. How many would you be able to close or to accommodate?
Speaker B (04:11 - 04:20): I would like to take on four to five leads a week or three to five leads a week. Wow.
Speaker B (04:22 - 05:01): I was like, maybe even less to start just to, just to get a feeling because a lot of advertising companies are, are, are blowing my phone apart. Like, get on this, get on that. And. And I kind of fell for the trap at first. Then they just don't stop calling me. And I tried a couple of them and it's like they just want the money. They don't really do too much. So if I can get something that gives me real leads, real people and stuff like that, that's something that I would be interested in looking into.
Speaker A (05:01 - 06:01): Then this is what you deserve. This is what you're looking for. And you are the business owner that we're looking for. With the mindset and the, you know, the spirit that you have, this is perfect for you. So our company, Fred, we monitor the traffic of search terms online. And the main reason that we called, because we've been seeing an increase in demand and the number of people searching for your type of service, Fred, you won't believe it, but just for the past 30 days in the area just for flooring, there's about 1074 number of searches from people looking for your type of service. Oh, wow. Right. That's just for the past 30 days, Fred. They just can't find you yet. That's why they cannot reach you. So if I could put your company right in front of these customers who are already interested, already looking for the service, for sure that will be very beneficial for the company.
Speaker A (06:03 - 06:04): Right, Fred?
Speaker B (06:04 - 06:12): If I could make, if I can make one sale a week, that would cover my profit.
Speaker B (06:14 - 06:23): And my profit costs and my advertising costs. So if I can make two sales a week, I would be happy Right.
Speaker A (06:23 - 07:34): I love that. This is really perfect for you. Imagine even a single job, Fred, to tell you honestly, even a single job is already way more than the cost of the service we have here for you. So let me tell you about a few real quick and how exactly this works. So again, our company, Fred, is 4Women Locals, one of the largest SEO companies in the country. We're one of the handful of certified Google partners worldwide. We've been doing this for 18 years now and we've already helped over 70,000 customers in Cali. They've stayed with us year in and year out. It's not because they have to, but because they're making money and they're happy with what they're getting. So what we're going to do, we build you a complete online presence spread that covers any way new customers would look for you online. So just imagine this. Anytime new customers would go online, when they go to Google, they search for a reliable flooring constructor in the area. We make sure, Fred, that they see your business name, your phone number and your website front and center above your competition.
Speaker A (07:36 - 07:45): So what do you think will happen? What do you think will happen, Fred, if it's your name and your phone number customers will always find whenever they need a service?
Speaker B (07:49 - 07:50): Yes.
Speaker A (07:52 - 07:59): For sure. I mean that will give them the opportunity, Fred, to call you the reppy. And that means more business for you, right?
Speaker B (08:00 - 08:04): You're with 411 locals. Uh huh.
Speaker A (08:04 - 08:11): Fred, you got it right. 411 local. That's the name of our company. So how we do this for you?
Speaker B (08:11 - 08:17): I don't know if you had me on file before, but I had a very big problem with 411 local.
Speaker A (08:17 - 08:23): Oh, what happened Fred? Let me check. What happened? Let me double check.
Speaker B (08:23 - 09:32): So you've been with us before and they. I signed up a long time ago. I paid a good amount of money several times and they still didn't publish my website. The Google kept on coming back saying, you need to fix this, you need to fix this. So I would send it to 41 locals and they would reformat it. And it was, I don't know what they did, but it just kept on popping up. So it never showed up. But I kept on paying every month. And then I, I got very upset with them and I said cancel my service and they would not cancel my service. They kept on charging me. I had to cut my credit card and cancel that credit card. So they won't, they would stop charging me because they would not, as much as I told them, stop charging my Card. I want out. They never listened to me. They never paid no attention to me or, or anything. It's like I was just ignored and I felt really bad. And I don't think I want to do business with 41 locals.
Speaker A (09:32 - 09:50): Apologies. I mean I am sorry to hear about that. I'm just checking here. So you're, you're sure it was with four women locals, right? What's the company name? Or what's the. Let's phone number. What was the phone number you used to sign up with us so I can check on it? Fred, did you.
Speaker B (09:50 - 09:57): Okay, the other phone number was 301-789-6393.
Speaker A (09:59 - 10:00): Hold on, let me double check.
Speaker A (10:02 - 10:04): Give me a sec. Fred.
Speaker A (10:06 - 10:09): 320-1789-6393, correct?
Speaker B (10:11 - 10:14): Yes. 301-789-6393.
Speaker A (10:16 - 10:26): Sorry. 301-789-7896393. Hold on, let me check if I.
Speaker A (10:28 - 10:28): I can find.
Speaker A (10:30 - 10:32): Hold on, give me a sec. Fred.
Speaker A (10:33 - 11:13): Because that's weird. We don't actually. We always make sure. I mean of course nobody's perfect. Fred. Right. But would that extent. Oh, of course we don't do that with that extent that you've mentioned because we always make sure, I mean for the 18 years that we've been doing this spread, we only make sure that, I mean it's going to be easier for clients especially with the verification process. Well, of course we can't always expect for it to be perfect because sometimes there are Google certification and Google process that we can't avoid that we fail. But that's with what you've just said, Fred. I'm not sure that really happened because we always make sure that it's going to be convenient for our customers part.
Speaker B (11:14 - 11:17): Especially with a very certified Google partner.
Speaker A (11:18 - 11:22): Yes, Fred, we are. Let me send you our website or let me send you our certification with.
Speaker B (11:22 - 11:28): Google for you to know I want to talk to Google before I sign up for anything and make sure.
Speaker A (11:30 - 11:34): Hold on, let me check. I just sent you the link. Fred, did you get it?
Speaker B (11:34 - 11:37): Okay, I see the link. I'll look at it in a little bit.
Speaker A (11:38 - 12:00): You can click on it right now. So you would know exactly. We're a legit business. We are credible business being partners with Google for 18 years. Because Fred, you know for a fact Google is a multi billion dollar merchant company. They're never going to partner with those not legit and not reliable and not even credible business out there. Right.
Speaker A (12:05 - 12:06): Let me check.
Speaker B (12:07 - 12:15): Okay, let's talk costs. I'm sorry Fred, let's Talk costs. Please.
Speaker A (12:15 - 12:30): Come here, Fred. Okay. Well, unfortunately, Fred, I don't see any record here. Of course I'm not. I'm not saying you're. You're lying, right? But of course, benefit of the doubt. Let me make this right for you. Let us make things right for you.
Speaker A (12:32 - 13:03): I'll give this package to you for only $49.99 today. That includes putting you on the first page of Google. We'll make sure you have a website fully optimized and designed to be in the first page, where everyone can see a website that generates traffic to your business. But if you want to make use of your current website, we're going to create a backlink to that website to make sure it generates traffic to your business. Because, Fred, you would agree with me if I say that even if you have the most beautiful website, but if customers cannot find and cannot see it, it' going to do you any good.
Speaker B (13:05 - 13:24): Yes. Also, if I do sign up, can you send me a link where I can discontinue service just by the link and closing my account? Because that is very important. I had such a hard time just trying to connect with someone and close my account as if I was ignored here.
Speaker A (13:24 - 13:29): I'm going to give you my direct line, friend. This time. We're not going to fill you in this, I promise you that.
Speaker B (13:29 - 13:31): If you could text it to me, that would be good.
Speaker A (13:31 - 13:48): Yes, please. You will have my direct line, my extension number, my name, our customer service number. So it's going to be easier for you to reach us whenever you have concern or question. There's anything you have concern, I mean, you have concern or question, just let me know right away. Okay, So I can draft it properly.
Speaker B (13:48 - 13:48): Okay.
Speaker A (13:48 - 14:28): So I'll give this to you, Fred, for 49.99 today to get you started. We'll show you how exactly the program works. That includes the website, Google listing, Google Maps and Google Voice search online directories and phone book listings. So we're going to be listing your business as well the overseas online directories and phone book listings such as Yelp shipper Pages, Manta Merchant Circle, Angelist, so that no matter where customers search online, they're always going to find you. That way they can reach you directly, they can pay directly, and you don't even have to pay each directory just to be listed in there, because that's part of.
Speaker B (14:28 - 14:36): Okay, that's fine. Also, I. I don't want 41 1's phone number. I want my number directly on the.
Speaker A (14:36 - 14:53): Site, which is the 202-317-2745. Right. You want that direct line to be not. Okay, hold on, let me take another one here. Uh huh. And do you still remember, Fred, how much were you paying before?
Speaker B (14:55 - 14:56): I think it was 400.
Speaker A (14:58 - 15:00): Well that's a lot. Wow.
Speaker B (15:00 - 15:04): Yeah, I was losing money and I was scared.
Speaker A (15:06 - 15:30): 400 right here. To make everything right for you, Freddie. 49.99 today to get you started. And then after a month on the 10th of January, not today, but 10th of January to maintain all the services and to maintain everything that we have for you. I'll give it to you for a flat rate of 243.99.
Speaker A (15:37 - 15:43): Let's see, 202. How about that? 202.99. Thank you, Fred.
Speaker B (15:43 - 15:43): Yes.
Speaker A (15:43 - 15:50): Oh, I'll give you the digital business card as well. Of course you're quite familiar with the digital business card already, right?
Speaker B (15:50 - 15:58): Like it's promised me. If I call you and I say I want to just continue my service, that you'll promise that you'll discontinue it.
Speaker A (15:59 - 16:09): I promise. I'm going to be there every step of the way, Fred. Of course. Don't even want to think of that yet because we even haven't started out yet. That's why we're gonna work hard for you.
Speaker B (16:09 - 16:11): And what website do you have on your.
Speaker A (16:11 - 16:23): On the listing, what I can see on your website is the A service dot llc. I'm sorry, All Star Service LLC dot com. That's the domain that I have here.
Speaker B (16:23 - 16:27): Yeah, yeah, yeah. That's the newer one. That's the one I want to use.
Speaker A (16:27 - 16:32): Ah, okay. So we're going to be creating a backlink to this one. Okay, Let me take note of your.
Speaker B (16:32 - 16:40): Website link and then if you could put my email address fredlstarserviced.com on there as well.
Speaker A (16:41 - 16:46): Yeah, got that. Actually I have the. Thank you. Let me take another one here.
Speaker A (16:48 - 16:50): Hold on, give me a sec. Fred.
Speaker A (16:52 - 16:59): Let me just take note of your email. Fredlstarservicebc.com Right.
Speaker B (16:59 - 17:01): Yeah. Yes.
Speaker A (17:01 - 17:02): Okay.
Speaker A (17:04 - 17:11): Here we go. And no alternate number, right? This is the main and the best phone number Customers can just reach you.
Speaker B (17:11 - 17:14): I have another office number you can put in. 301.
Speaker A (17:15 - 17:23): I'm sorry, 301 without again. 301. 789. 789.
Speaker B (17:23 - 17:24): 6393.
Speaker A (17:25 - 17:26): 6393.
Speaker A (17:28 - 17:29): Okay.
Speaker A (17:30 - 17:31): Here we go.
Speaker A (17:35 - 17:36): Hold on.
Speaker A (17:39 - 17:44): Give me a sec. Let me just make sure I'll be making everything right this time.
Speaker A (17:49 - 17:54): And what's going to be the exact company Name that you want to appear on the first page of Google threads.
Speaker B (17:56 - 18:06): The one that you lifted as service. Flooring in parentheses. Flooring. If you do a Google search on that, you'll see that listing.
Speaker A (18:06 - 18:14): Yeah, I can hear a S dot service, llc and then parenthesis. Flooring. Close parenthesis. That's what I have here.
Speaker B (18:14 - 18:16): That's the one I want to use. Yes.
Speaker A (18:16 - 18:19): Okay, no worries. Let me put that here.
Speaker A (18:22 - 18:22): Here we go.
Speaker B (18:25 - 18:32): Please optimize as much as you can so I can generate good business and keep good business. Business relations with you guys.
Speaker A (18:32 - 19:23): Of course, that's the goal here. Because we want a long term partnership here. So we're gonna work hard just to make sure you're happy to stay. Don't even want to think of this. We do postpaid service. We're gonna work hard for you just to make sure that you're happy to stay. We may not, as a marketing company, we may not be able to gu specific number of calls at least. But we guarantee you the first page placement in Google and the maximum exposure to make sure customers can always find you whenever they need the service. Because that's the goal here. So as long as you're happy here, fed you're getting the right return of investment, then you stay with us. We're gonna make sure you stay with us. It's really perfect. Now give me a. Please. Hold on, let me just make sure. Give me at least 5, minimum of 5 money making services that you want to focus on in terms of getting clients.
Speaker B (19:24 - 19:25): What do you mean?
Speaker A (19:26 - 19:30): Like the services you want to focus on in terms of getting clients.
Speaker B (19:30 - 19:31): For example, wood flooring.
Speaker A (19:32 - 19:32): Okay.
Speaker B (19:32 - 19:35): Wood flooring, refinish.
Speaker A (19:35 - 19:39): Wood flooring, refinish. Hold on.
Speaker A (19:43 - 19:43): What else?
Speaker B (19:46 - 19:49): Luxury vinyl tile or lvt.
Speaker A (19:51 - 19:53): Luxury vinyl tile.
Speaker B (19:54 - 19:55): LVT.
Speaker B (19:59 - 20:03): Tiling. T, I L, I N G. Got that?
Speaker B (20:05 - 20:08): Carpet, Carpets.
Speaker A (20:09 - 20:10): Okay.
Speaker B (20:13 - 20:14): What else do I do?
Speaker B (20:21 - 20:23): You can put light construction.
Speaker A (20:25 - 20:26): Hold on.
Speaker A (20:28 - 20:29): Light construction.
Speaker A (20:34 - 20:39): Light construction. You want to add more? This is everything for now.
Speaker B (20:41 - 20:43): No. And painting.
Speaker A (20:44 - 20:45): Hold on.
Speaker B (20:45 - 20:46): Painting.
Speaker A (20:48 - 20:50): Painting. What else?
Speaker B (20:51 - 20:52): Custom work.
Speaker A (20:56 - 20:59): Painting, Custom works.
Speaker B (21:03 - 21:04): Commercial carpet.
Speaker A (21:07 - 21:08): Hold on.
Speaker A (21:10 - 21:11): How about residential?
Speaker B (21:13 - 21:15): Yeah, residential and commercial.
Speaker A (21:17 - 21:20): Okay, just make sure.
Speaker A (21:25 - 21:33): Okay. And you're still using the same address, right? The 8520 Fox Run, Potomac, Maryland 20854.
Speaker B (21:35 - 21:35): Yeah.
Speaker A (21:35 - 21:36): Okay.
Speaker A (21:38 - 21:43): Perfect. Let me just make sure I get everything correctly in here.
Speaker B (21:45 - 21:45): Hold on.
Speaker A (21:47 - 21:50): And you accept any type of payment method or you only accept cash?
Speaker B (21:51 - 21:56): All payment methods? My quickbook takes almost all payment methods.
Speaker A (21:56 - 21:58): Perfect. Okay.
Speaker A (22:04 - 22:09): And how about your days and hours of operation? Mondays to Fridays, 24 7.
Speaker B (22:09 - 22:12): You can just put 24 hours on all of them.
Speaker A (22:12 - 22:12): Okay.
Speaker A (22:17 - 22:20): 24 hours to 24. 7.
Speaker A (22:23 - 22:26): And how they. How they pronounce your last name, Fred?
Speaker B (22:28 - 22:29): My last name?
Speaker A (22:29 - 22:33): Yeah. How they pronounce this? Nashray. I'm sorry, correct me if I'm wrong.
Speaker A (22:36 - 22:39): Can you spell that out for me? N, U, S, C, R, A.
Speaker B (22:43 - 22:46): U, R, A, T, Y. I'm sorry, one more time.
Speaker B (22:49 - 22:53): Hold on, you're breaking up. For some reason. I don't know if it's my phone or your phone.
Speaker A (22:53 - 22:57): Yeah. Your last name again, can you spell that out for me, please? Your last name, please.
Speaker B (22:58 - 23:09): As in Nancy. U, S, as in Sam, R A T, Y, Nusrati.
Speaker A (23:10 - 23:15): Yes, got that. Okay, hold on, let me just make sure.
Speaker A (23:20 - 23:29): Nasrati. What a beautiful name. And fred is spelled as f, r e, d. Simp. You're welcome. Simple. F, r, e, d, right?
Speaker B (23:30 - 23:31): Yes.
Speaker A (23:32 - 23:32): Okay.
Speaker A (23:34 - 23:36): Perfect. Here we go.
Speaker A (23:45 - 23:49): And you already got my direct line, right? The one that I just sent you earlier.
Speaker B (23:50 - 23:54): Let me check, let me check. I want to make sure I have it. See.
Speaker B (23:56 - 24:04): Today I have emergency with my kids. I didn't get that. Let me see if this is it. Let me see if this is it.
Speaker B (24:06 - 24:08): I got. Is it a link you sent me?
Speaker A (24:09 - 24:14): I sent you phone numbers and links. Let me send it one more time about that.
Speaker B (24:14 - 24:15): Yeah, send it one more time.
Speaker B (24:20 - 24:21): Okay, I got it now.
Speaker A (24:22 - 24:23): Okay, awesome.
Speaker B (24:26 - 24:36): I just want to make it clear if I want to cancel my service, I'm going to contact you and I would expect my services to be canceled if I'm not happy. Is that okay with you?
Speaker A (24:37 - 24:49): Definitely. Of course. We're not going to force you to stay, Fred, if you're not really happy, if you're not, if you see it's not working. But again, I don't want you to think of that yet. Okay? We. We haven't even started out yet. Let us show you how we can.
Speaker B (24:49 - 24:54): Yes. No, I'm not thinking about it. I just wanted the terms to be. To be up.
Speaker A (24:54 - 25:18): Definitely. This is simply month to month, Fred. We're gonna work at each month to make sure you're really happy to stay with us. And we do postpaid service. You're only going to be charged for the service that I've been running. So just want to clarify with the company name. Fred, it's because. What I can. You already have a Google profile that says a S Service llc, open parentheses, boring, close parenthesis. Do you want to copy?
Speaker B (25:19 - 25:22): Yeah, that's the one. That one, that one.
Speaker A (25:23 - 25:24): Hold on, let me just make sure.
Speaker B (25:25 - 25:28): And then what website is linked to that.
Speaker A (25:29 - 25:33): It's the All Starservicellc.com. that's what I can see here.
Speaker B (25:33 - 25:35): Yeah, that's the right one.
Speaker A (25:36 - 25:42): Okay, hold on. Let me just make sure. Get everything correctly in here.
Speaker A (25:48 - 25:53): Just make sure. So 24. 7. Any type of payment, Right.
Speaker A (25:57 - 26:00): 24 7. Fred Nostrati.
Speaker B (26:01 - 26:02): What's your name again?
Speaker A (26:03 - 26:06): I spello. Fred. It's in there. I spello.
Speaker A (26:08 - 26:08): Okay, hold on.
Speaker B (26:08 - 26:10): Go ahead, spell that for me.
Speaker A (26:11 - 26:16): Oh, I thought you got it via text. It's ice. Let me send.
Speaker B (26:18 - 26:21): No, no, no, don't send the text. Just I'm typing something in my phone.
Speaker A (26:23 - 26:24): The ICE.
Speaker A (26:27 - 26:29): And then B, E, L, L, O.
Speaker B (26:31 - 26:35): B, E, L, L, O, L, L, O. I'm just putting it in as a content.
Speaker A (26:36 - 26:45): Thank you. And then my Extension number is 2594. 2594. That's my extension number.
Speaker B (26:45 - 26:49): Okay, perfect. That's all I needed from you.
Speaker A (26:50 - 26:54): Thank you. Okay, let me just make sure everything.
Speaker A (26:57 - 27:06): Give me a separate. I'm just updating all the prices and everything so we can make sure we're going to be on the same page here.
Speaker A (27:08 - 27:10): So I have your wood flooring.
Speaker A (27:12 - 27:22): Refinishing wood flooring or refinished wood flooring, luxury, vinyl, tile or LVP tiling, carpet, light construction, all residential and commercial.
Speaker A (27:24 - 27:26): Yeah, thank you.
Speaker A (27:29 - 27:30): Make sure.
Speaker A (27:40 - 27:41): Bear with me.
Speaker A (27:50 - 27:51): Okay.
Speaker A (28:06 - 28:13): Hold on. Apologies for the inconvenience, but I'm just correcting everything here to make this right for you.
Speaker B (28:13 - 28:15): Okay, that's fine.
Speaker A (28:15 - 28:18): Give me one. Thank you. I appreciate it.
Speaker B (28:24 - 28:27): Let's just get it right the first time. Right.
Speaker B (28:39 - 28:40): Come on, frankie.
Speaker A (29:11 - 29:11): It.
Speaker A (29:38 - 29:39): Almost done.
Speaker B (29:41 - 29:41): Okay.
Speaker B (29:51 - 29:52): Give me one second, please.
Speaker A (29:53 - 29:56): I'm sure. Sure. Noise. All my time is yours. Sp.
Speaker A (31:49 - 31:49): Something.
Speaker A (32:10 - 32:22): Sam.
Speaker A (32:36 - 32:36): It.
Speaker A (33:01 - 33:17): That's.
Speaker A (33:28 - 33:28): Right.
Speaker B (33:40 - 33:42): Okay. Sorry about that.
Speaker A (33:42 - 33:46): No, no, you're good. Definitely, you're good. No rush.
Speaker A (33:48 - 33:52): Okay.
Speaker B (34:19 - 34:19): With.
Speaker A (34:25 - 34:26): Bark.
Speaker A (34:27 - 34:28): Sir.
Speaker A (34:30 - 34:30): Surface.
Speaker A (34:33 - 34:34): Surface.
Speaker B (36:02 - 36:02): John.
Speaker A (36:05 - 36:09): Okay, so we have everything here. Are you still there, Fred?
Speaker B (36:10 - 36:11): Yes.
Speaker A (36:11 - 36:15): Okay, thank you so much. I'm really sorry for the inconvenience.
Speaker B (36:15 - 36:16): Fred.
Speaker A (36:16 - 36:21): So I already have all the information here, so let me just make sure.
Speaker A (36:22 - 36:23): Hold on.
Speaker A (36:26 - 36:27): Okay.
Speaker A (36:35 - 36:36): Discount.
Speaker B (36:42 - 36:42): Please.
Speaker A (37:16 - 37:19): And do you have a pen and paper with you, Fred, so I can give your account id?
Speaker B (37:20 - 37:27): Yes, I do. Let me. Let me find it here on my table somewhere since I'm such a mess.
Speaker A (37:28 - 37:29): Take her time.
Speaker B (37:33 - 37:37): Let me put it in my phone notes instead. Let me see here.
Speaker B (37:40 - 37:42): Okay, what is it?
Speaker A (37:45 - 37:47): So it's 1 07.
Speaker A (37:53 - 37:54): 82 5.
Speaker B (37:59 - 38:00): 1 8.
Speaker A (38:00 - 38:01): Can you repeat, please?
Speaker B (38:01 - 38:03): Just what is that my reference number?
Speaker A (38:04 - 38:04): Your account.
Speaker B (38:04 - 38:07): Is that my reference account id?
Speaker A (38:08 - 38:09): Yes, please.
Speaker B (38:10 - 38:10): Account.
Speaker A (38:14 - 38:14): Account.
Speaker A (38:16 - 38:16): ID.
Speaker B (38:28 - 38:29): Local.
Speaker B (38:31 - 38:34): And then what is your 800 number there? What?
Speaker A (38:35 - 38:36): Okay, it's 866.
Speaker A (38:41 - 38:43): Yeah. 866-889-0966.
Speaker B (38:46 - 38:47): Yes.
Speaker A (38:47 - 38:48): 89.
Speaker A (38:50 - 38:51): Can you repeat, please?
Speaker B (38:54 - 38:57): He said 866-889. What was the rest?
Speaker A (38:58 - 38:59): 0966.
Speaker B (39:03 - 39:06): And your extension is 2594.
Speaker A (39:11 - 39:17): Yes. I'm also going to give you our customer service number. Are you ready? Customer service number.
Speaker B (39:17 - 39:25): Okay, it's 855-1855. Yes.
Speaker A (39:28 - 39:35): 259. I'm sorry. I'm sorry. 9 5. I'm sorry. 855-955 955.
Speaker A (39:37 - 39:38): And then 1824.
Speaker B (39:43 - 39:45): Any extension? Negative one.
Speaker A (39:46 - 39:51): My extension number is 2594. Okay.
Speaker B (39:54 - 39:54): Okay.
Speaker A (39:54 - 39:55): Is that it?
Speaker B (39:55 - 39:55): Sounds good.
Speaker A (39:56 - 40:04): Perfect. Okay, so what are you. Are you going to be using for this, for the 49.99 credit? Are you going to be using a visa or MasterCard for this?
Speaker B (40:06 - 40:20): I'm going to be using. Let me see what I have with me. Am I. I'm going to be using a Master Car. I mean, a American Express. Hold on, let me see which one I have.
Speaker B (40:23 - 40:24): Oh, no. Visa.
Speaker A (40:25 - 40:28): Visa. Okay, hold on. Let me just make sure.
Speaker B (40:30 - 40:31): Okay.
Speaker A (40:44 - 40:45): Okay, I'm writing. You are?
Speaker B (40:47 - 40:59): It's 463-9028-902897-57546.
Speaker A (41:00 - 41:00): Huh?
Speaker B (41:02 - 41:03): 0405.
Speaker A (41:04 - 41:05): Okay.
Speaker B (41:06 - 41:08): Expiration 1030.
Speaker A (41:09 - 41:12): Hold on. 1030.
Speaker B (***:*** - ***:***): And then the CBB.
Speaker B (***:*** - ***:***): S. 674.
Speaker A (41:18 - 41:19): Okay.
Speaker B (41:22 - 41:25): Name on card. All Star Service LLC.
Speaker A (41:27 - 41:36): Okay, and the name, the first and last name of the card. It's Fred. Notes? Nasrati. What's the exact name?
Speaker A (41:38 - 41:39): I'm sorry, one more time.
Speaker B (41:40 - 41:54): S E R F E R H A D F E R H A D F E R H A D. And then. And then Fred. F R E D.
Speaker B (41:56 - 41:56): And then.
Speaker A (41:56 - 41:57): No shreddy.
Speaker B (41:57 - 42:01): And then my last name for N U S R a T Y S.
Speaker A (42:01 - 42:04): And then the billing address in the card. Lease.
Speaker B (42:05 - 42:09): 8520 Fox Run. That's two words.
Speaker A (42:11 - 42:12): Hold on.
Speaker A (42:14 - 42:20): Hold on. 8520 Fox Run Road.
Speaker B (42:22 - 42:24): No, no, nothing. I'm sorry.
Speaker A (42:25 - 42:28): Just Fox Run. Okay, my bad.
Speaker A (42:30 - 42:42): And that's for The Max. The Tomax. 20854. Correct. And the phone number registered in the car, please. Is it the 202 or the 301?
Speaker B (42:42 - 42:44): It's a 301.
Speaker A (42:45 - 42:48): Okay, perfect. Here we go.
Speaker A (42:51 - 43:13): Hope I paid this bill now to hold and to secure the spot. So I'm going to be sending it to you and to our accounting team to inform them that I was able to provide you the promo of 49.99 today. So when you get the the email, simply reply yes. Okay? Simply yes. And let me know if you'll be. Hold on, let me just make sure.
Speaker A (43:15 - 43:23): Okay.
Speaker A (43:49 - 43:49): It.
Speaker A (44:18 - 44:20): Give me a sec. Hold on.
Speaker A (44:28 - 44:29): Okay.
Speaker A (45:57 - 46:12): It's.
Speaker A (48:06 - 48:13): Hello, sir, can you say. Fred, you still there? I'm sorry. Oh, I'm sorry. Yeah, so let me know if you already replied to the email simply.
Speaker B (48:13 - 48:16): Yes, I got the email. Let me reply now.
Speaker B (48:18 - 48:19): One second.
Speaker B (48:25 - 48:27): And let me go back.
Speaker B (48:51 - 49:03): No refunds given for services contract at work immediately. 1 fees being processed, reoccurring payment fees are paid for and they are non refundable one time setup fee.
Speaker B (49:05 - 49:06): Okay.
Speaker A (49:08 - 49:12): Yeah. All you got to reply is simply yes and let me know if you already did. Okay.
Speaker B (49:25 - 49:26): Okay.
Speaker A (49:41 - 49:51): I'm sorry. I just want to verify the CVV again, please. I think I missed. Yeah, because it's totally encrypted here. So just want to make sure I got it right.
Speaker B (49:52 - 4","49:53): Let me see.
Speaker B (49:56 - 50:01): It could be I didn't pay the bill. I mean I could give you another credit card if I have to. It's okay.
Speaker A (50:01 - 50:02): I don't know.
Speaker A (50:04 - 50:19): I haven't, I haven't parted it yet. I think I just, I just, I mean I just forgot to press the third number. So that's why. It's because it's still encrypted here. I can only see two digits here, but I don't see the number. So I want to make sure I got it right.
Speaker B (50:19 - 50:21): 67674.
Speaker A (50:22 - 50:29): Okay, thank you. Let me know if you already replied. You already replied simply yes. Yes. Okay, hold on.
Speaker A (50:32 - 50:36): Let me just make sure. To the email, right? You replied to the email.
Speaker B (50:37 - 50:40): Yes, you did. I gotta, I gotta.
Speaker A (50:46 - 50:48): Just make sure. I'm just waiting for.
Speaker A (50:54 - 50:59): Just waiting for the reply or for the. Yeah, for your reply so I can submit it already.
Speaker A (51:28 - 51:32): Can you double check, Fred, if the reply was sent successfully?
Speaker B (51:38 - 51:39): What'd you say?
Speaker A (51:40 - 51:46): Can you double check if. Hold on. You already replied, right? Just want to make sure.
Speaker B (51:47 - 51:51): Yes, I put yes approved reply info 401Locals.
Speaker B (51:53 - 51:55): I mean you received it by now.
Speaker A (51:55 - 51:58): You replied to the email? Yes, right?
Speaker B (51:59 - 51:59): Yes.
Speaker A (52:00 - 52:08): Okay, thank you so much. Okay, so I believe you already got your account ID with you. The 1-07-8257.
Speaker A (52:10 - 52:16): Can you double check if that's the right one you have there? 1-07-8257. That's going to be account ID with us.
Speaker B (52:17 - 52:19): Let me see what my notes say.
Speaker B (52:23 - 52:26): Make sure I get this right the first time it.
Speaker B (52:53 - 52:53): One second.
Speaker A (53:08 - 54:16): Now while you're checking, while you're checking everything here. So I'm just going to make sure everything is correct in here, especially with the all information. So when you sign up for ICO Services, remember that senior business on the first page of Google. At the beginning, we do a lot of work like building a website and making sure Google knows about you. So this is so important and you want to build your business right away. This slow start is normally expected. It's really important to trust the process and be patient during the first three months. The income that is putting the groundwork in place. After the setup period, things start to pick up. You'll begin to see your business show up more often when people search for it not just near you, but in bigger areas, too. By sticking through the whole process, you give your business the best chance to get noticed more and attract more customers. This is the key to getting lasting results that keeps getting better. And also I want to let you know that it's very important that your customers leave a good review of the works you've done, so other people can see it. If we can get at least 12 customers to leave you a review on your listing within the first three months, this will help your position, owning and the optimization itself. Okay.
Speaker B (54:17 - 54:19): Okay, perfect.
Speaker A (54:19 - 54:26): Now let me just quickly confirm everything just to make sure I got everything correctly. So again, I'm speaking with the business owner, Fred Nasretti, correct?
Speaker B (54:27 - 54:28): Yes.
Speaker A (54:28 - 54:44): And this is. Yeah, since this. I'll say it's the same company name and address registered, Right. A s service out. Great. And the address we'll be using is 8520 Fox Run, Potomac, Maryland 20854, correct?
Speaker B (54:45 - 54:45): Yes.
Speaker A (54:46 - 54:52): Perfect. And the main phone number we'll be using is going to be 202-317-2745, correct?
Speaker B (54:53 - 54:54): That's right.
Speaker A (54:55 - 55:00): And the alternate number is going to be 301-789-6393, correct?
Speaker B (55:01 - 55:02): Yes.
Speaker A (55:02 - 55:35): Great. Let me confirm the email. That's fredlosariservicebc.com that's F for Foxtrot, R for Romeo, E for Echo, D for Delta, and then All Star service. DC A for Alpha, L for Lima, L for Lima, S for Sam, T for Tango, A for Alpha, R for Romeo, S for Sam, E for Echo, R for Romeo, V for Victor, I for India, C for Charlie, A for at COD, D for Delta, C for Charlie dot com. Fred. @AllStarServiceBC.com correct?
Speaker B (55:36 - 55:36): Yes.
Speaker A (55:37 - 55:41): Perfect. Now, you're the owner authorized to make decision.
Speaker B (55:41 - 55:41): Hold on.
Speaker A (55:41 - 56:07): You're the owner authorized to make decisions for the business. A s dot. Service, llc. Flooring. That's capital A. Period, capital S. Period, capital S. And then E, R, V, I, C. I'm sorry? E, R, V, I, C, E. Capital L. Capital L, Capital C. And then open and close parenthesis. Flooring. F, L, O, O, R, I, N, G. Correct.
Speaker A (56:09 - 56:17): Crates. Thank you so much. So we will be using your business line and your phone number for all marketing materials, correct?
Speaker B (56:18 - 56:19): Yes.
Speaker A (56:19 - 56:25): Great. And you understand that anytime you want to change your phone number, your placement on the first page will drop, correct?
Speaker B (56:27 - 56:27): Yes.
Speaker A (56:28 - 56:50): Perfect. So normally the price for this is $700, but we are giving you a very, very big discount. Your car, we charge $49.99. None of them both. Set a fee today to activate your service and your call will be audible. $202.99 every month. Your charge will be on the 10th of January and thereafter for services rendered for the previous month. This is postpaid service. Okay.
Speaker B (56:52 - 56:53): Okay, perfect.
Speaker A (56:54 - 58:03): So this is how it's going to work. First three months, we build everything that Google requires. The website, the listing, the links, and everything. Then Google starts to promote you on the search engine. And you start to show up in your zip code after the first month. Month, as you're building momentum, you start to get reviews. And we do all the things that make Google trust you. Then after the second or third month, you really start to get momentum. You really started that momentum. Google trust you more and more. Finally, you branch out from neighborhood to your city. We'll send you the links to the listing as you start to appear in your zip code. And each part of the process as we build them so you can see the progress. Remember, this is placement. And placement is what you need to be successful, successful in Google. And obviously Google is the best place to be. And I want to make sure that you understand this is online advertising. Every industry has different results and no company can guarantee result like leads or calls. And those six months. And again, I want to repeat, Fred, this is very important. Your customers leave a good review of the works you've done so other people can see it. If we can get 12 customers to leave you a review on your listing within the first three months, this will help you position online and the optimization itself. Okay.
Speaker B (58:05 - 58:07): Can you transfer my Google reviews?
Speaker A (58:09 - 58:48): What do you mean? Well, no worries. Okay, good question. Good thing you brought that up since you already have a Google profile. So we're going to manage the listing for you and optimize it on the first page, so no need of transferring. Okay, you authorize us to do that. Right thank you so much. Thank you for confirming everything. Any question you have, any concern you have Fred don't hesitate to reach us. This is just the kickoff of advertising campaign it will lead to something bigger. Thank you so much for vote of confidence. Welcome again to the 401 locals now Fred please keep your line open your onboarding team will be contacting you within 24 to 48 hours.
Speaker B (58:48 - 58:50): Okay sure no problem.
Speaker A (58:51 - 59:04): Perfect. Thank you. So you have my direct line there. We're not going to leave you behind here. Thank you so much again for your vote of Gundam confidence Fred, we're not going to leave you behind here. We want you long term so we're going to work hard for you to make sure you're happy to stay.
Speaker B (59:06 - 59:07): Fair enough thank you.
Speaker A (59:07 - 59:12): Thank you Fred. You have a good one please. You take care please. Bye for now Fred. Happy Friday.
Speaker A (59:15 - 59:17): You have been kicked from this conference.
Speaker B (59:23 - 59:23): That.
",,ISIREABELLO, ,AS Service,"Beltsville MD 20705, , ",Flooring Tiling Refinishing Services,1,1,0,16263279,3, ,Flooring Tiling Refinishing Services,"Beltsville MD 20705, , ",Eastern,High season,December,Consultative & Validating,Male,Yes,UNKNOWN,No,No,Yes,Happy/Optimistic,English,Yes,available,Customer,Novice,4,Start-of-Call Latency,TRUE,,42.86,57.14,Mutual Dialogue,24,24,0,0,Moderate Depth,Yes,3,1,3:01,Interested,Confident & Assumptive,Agent,19,No,Yes,Yes,Yes,Agent stated purpose and process (asking questions) but did not set time expectations.,1,1,1,100,0,0,1,1,Yes,5,12,6,80,40,3,3,2,0.04,Rare,Mutual,Somewhat Structured,"None explicitly, but FOMO was modified to market demand.","Discovery/Information gathering was interspersed throughout the call, even after pitching and pricing.",No,Yes,2,3,Warm,Yes,No,Fluctuated,Neutral,Skeptical,Interested,Cooperative,"Shift to skeptical/cautious at 04:22 when discussing past advertising experiences. Shift to resistant at 08:11 when revealing bad experience with 411 Local. Shift back to interested/cooperative after agent's apology, verification attempts, and price offer (around 12:30 onwards).",1 frustration,1,100,3571,Closing/Payment Gathering,Unknown,596,Payment Information Collected,Explicit,Yes,Yes,Yes,No,Sale Completed,N/A - Sale in progress,TRUE,,TRUE
16264016,2028551960,DEODATORUGGEROUY,12/5/2025 15:18,XFER,CP105,229,https://archive-sales.411locals.smartcarrier.io/RECORDINGS/2025-12-05/20251206-071831_CP105_DEODATORUGGEROUY-all.mp3,"Speaker A (00:05 - 00:05): Hi.
Speaker B (00:05 - 00:10): Hello. Yeah, Jake, this is Dean. Oh yes, Yeah, I called you a.
Speaker C (00:10 - 00:15): While ago about, you know, your services, auto body repair. Okay, wonderful.
Speaker D (00:15 - 00:16): Did you?
Speaker B (00:17 - 00:19): Oh, not yet actually.
Speaker C (00:20 - 00:22): I just want to know more about your service, Jake.
Speaker B (00:22 - 00:25): Like are you currently mobile now?
Speaker D (00:25 - 00:50): Yeah, I'm mobile. I do auto body work anywhere basically. So usually I worked with my uncles and my father inside the body shop, but I wind up working on the site for a couple different reasons, for school projects and to help with rent and everything like that. But I've been doing it for a very long time and now I've been doing it for about five years.
Speaker B (00:50 - 00:53): Oh, okay, your experience is five years?
Speaker D (00:53 - 00:53): Yes.
Speaker C (00:53 - 00:54): All right.
Speaker E (00:54 - 00:56): And you also mentioned.
Speaker B (00:56 - 00:57): Oh, go ahead.
Speaker D (00:57 - 01:02): I'm sorry. My uncle and my father, they've been doing it for about 20 years now.
Speaker A (01:02 - 01:03): Oh yeah, great, thank you.
Speaker C (01:03 - 01:05): Great, great to hear that.
Speaker B (01:05 - 01:09): So you're also the owner of this small business, right?
Speaker C (01:09 - 01:10): Yes, wonderful. Jake.
Speaker B (01:10 - 01:12): Yeah, I'm calling because we're seeing a.
Speaker C (01:12 - 01:23): Surge of people in your area searching online for auto body repair. And my manager asked me to reach out to a few local business that can actually take on new customers.
Speaker B (01:23 - 01:28): Also, I just want to know like, does it have like an insurance or.
Speaker C (01:28 - 01:29): A lia about your shop?
Speaker E (01:30 - 01:37): Well, no, there's no really shop for it. It's mostly it's only mobile auto body works basically.
Speaker A (01:37 - 01:39): So we go wherever anybody needs to be.
Speaker E (01:40 - 01:42): But if so we do have a.
Speaker A (01:42 - 01:44): Garage and everything that we can support.
Speaker E (01:44 - 01:46): Like cars if needed.
Speaker B (01:46 - 01:50): But no, I'm currently not insured on anything that's good. No, no worries about that.
Speaker E (01:50 - 01:53): And just really just a small business.
Speaker A (01:54 - 02:01): Like I said, it was just to start up something to help out around the house and help out with some bills and stuff.
Speaker C (02:01 - 02:02): Okay, perfect to hear that.
Speaker B (02:02 - 02:05): Yeah. And just to be clear, we're not looking for work.
Speaker C (02:05 - 02:09): We help connect customers who are already searching for your kind of service.
Speaker B (02:09 - 02:12): It's about reviewing your local business for.
Speaker C (02:12 - 02:18): Potential placement in front of real customer searches. So my manager just confirms which one.
Speaker B (02:18 - 02:25): Fits the criteria and like even for example, any season. Okay, go ahead.
Speaker E (02:25 - 02:27): Yeah, any season, any time.
Speaker A (02:27 - 02:36): And really. And the thing about this, when we work, it's all about what the damage is so we can come out, give a good estimate, but it's better off.
Speaker D (02:36 - 02:39): For us to give estimates over the phone because for us to come up.
Speaker A (02:39 - 02:44): There and like for me to come up to do free estimate only is hard.
Speaker B (02:44 - 02:49): Okay, Correct, correct. I understand you, Jake. Yeah. By the way, Jake, I have my.
Speaker C (02:49 - 02:51): Manager here who asked me to call you.
Speaker B (02:51 - 02:52): Ismael.
Speaker C (02:52 - 02:53): We have Jake under auto budgeting.
Speaker B (02:54 - 03:02): It's currently mobile and has a website and 5 years experience in the business. Hi Jake, how are you today?
Speaker A (03:02 - 03:03): Hi, how are you doing today?
Speaker C (03:04 - 03:04): I'm doing.
",,,Ismael Marenco,12/5/2025 15:21,IG114,https://archive-sales.411locals.smartcarrier.io/RECORDINGS/2025-12-05/20251205-152155_CP111_ISMAELMALENCOCORDOVA-all.mp3,P2P,UG142,1706,"Speaker A (00:01 - 00:03): Do free estimate only is hard.
Speaker B (00:03 - 00:19): Okay. Correct. Correct. I understand you, Jake. Yeah. By the way, Jake, I have my manager here who asked me to call you Ismael. We have Jake under autobadgerik. It's currently mobile and has a website and 5 years experience in the business. Okay, that's great.
Speaker A (00:19 - 00:20): Yes.
Speaker B (00:20 - 00:21): Hi Jake, how are you today?
Speaker A (00:21 - 00:23): Hi, how are you doing today?
Speaker B (00:23 - 00:27): I'm doing well, thank you for asking and thank you. I'm doing good. How about you?
Speaker A (00:27 - 00:30): I'm doing great. Just got done working a little bit.
Speaker B (00:31 - 01:27): Okay. Okay then. Well, as one of my uncle says, no, as long as we are with health and we have job to do, we are in the best way. Now tell me on this way. So Jake, let me introduce myself again. As my assistant said, my name is Ismael, I'm managing my company that is 411 local. The reason that I asked my assistant to contact me with you Jake is because. Well, I'm looking for a person with a reliable business on this way so that we can work together. Because well, on the area there's a great increase on the demand of customers that are looking for automotive service. And well, as you know now all the season and people are starting to do some things to the cars and everything. So that's what I would like to do is to see the way that we can put you in front of all of these customers and then that this will be on the best benefit. Because imagine Jake, that you know that we're in a great city and right now we have more than 1500 customers month by month looking for this service. And you can be there for all of these people that will be as much beneficial, right?
Speaker A (01:27 - 01:48): Yeah, for sure it might take some time depending on the jobs of course. But we're quick and efficient and most of the time we're same day service. Everything, everything gets done the same day. No matter if it's a part that we put on or see just dense dents, scratches.
Speaker B (01:50 - 02:05): Yeah, depending on the thing that we are about to fix or what we are going to do on the car. Because you know, sometimes they're just additions or they want to put special day or they want to change something about the system. So it depends on the job price.
Speaker A (02:05 - 02:12): It all depends on the job and on the street prices vary depending on like what it looks like, how long.
Speaker B (02:12 - 02:13): You take.
Speaker A (02:15 - 02:25): What is like the entire job of it really what's the effort that's going to be put in. But no matter what, it's known to be cheaper than really any body shop is going to give you.
Speaker B (02:25 - 03:01): Oh, and that's one of the great things about your business that you can get great prices now going on this way. Jake, tell me. So I heard from my system that you have a web, that you do, but on this time that you've been running this business that my assistant told me that you have been on five years of business. The way that you manage to get new customers for you and the way that new prospects will be able to find you so that you are trying to keep you as busy as possible. How you do it on that way, by the recommendations, the word of mouth. You make it mostly by your website, your social media, your business cards, flyers, how you do it?
Speaker A (03:01 - 03:09): Well, mostly I go around and I look for jobs and if I see somebody that has some damage, I ask but also.
Speaker A (03:11 - 03:37): Yes, I give them cards or if I also will go and give them. Now my website and my auto body work ads on Facebook doesn't really give me that much business because most of the time people don't really go to them and it's just, it takes a long time for them to work. They're a little bit inconsistent. But mostly it's about, it's a lot of groundwork, if you know what I mean.
Speaker B (03:37 - 03:45): Yeah, yeah, I completely understand everything that you're saying because yeah, you need to do the groundwork to have good results and benefits, right?
Speaker A (03:45 - 03:46): Yeah. Well, most of the time.
Speaker A (03:48 - 04:05): I'll go around, I'll walk around maybe or I'll drive around somewhere and I'll find cars, I'll find damage somewhere and I'm able to fix it wherever they need to be. I'll have tools on me prepared. And also there's more tools at the house too that I can always get and come back.
Speaker B (04:06 - 04:15): Okay. Okay. And now going on this week, what are the type of loops that you prefer to do the most? Like directly from particular car owners or you can do also commercial.
Speaker A (04:15 - 04:28): I could do commercial services too. Any, any type of car that has damage on it I'm able to fix. But mostly it's only auto body work mechanically wise, not too much.
Speaker B (04:29 - 04:40): A little bit though, just a little bit. Not very in turn to the mechanical, more of the brace transmission oil change.
Speaker A (04:40 - 05:07): I can do oil change, maybe to change a starter, a couple different things, but nothing really much because mostly cosmetic work I'll do. It's like damage like dents, scratches, repaint and if anybody wants anything else too, like additions like if they want to do some kind of custom thing too that works. Just depends.
Speaker B (05:09 - 05:18): Okay. Okay. So then on these Services that you do. So then the ones that you do the most. What are the ones that you can say that you can do the most? Like for an example, the five services that you do the most.
Speaker A (05:18 - 05:39): The five services I do the most is dent, prepare, scratch, repair, paint. And that would be mostly. Mostly those things are most of what you see a lot just scratches. Dents, rust is one too. I work on all types of wax.
Speaker B (05:39 - 05:40): Maybe like a detail.
Speaker A (05:41 - 05:57): Yeah, detail works as well. But it's a little bit more rare than the other ones because most people don't really want to do their car with wax and stuff because it takes longer. But depending on the situation, it has happened. It does happen.
Speaker B (05:57 - 07:10): Okay. Okay. And that's great. Okay. So then let me tell you what we would like to do on this way, Jake. So the way that we want to work together is that we can be working as a team. So the way that we can make it for the best for the business. So right. That we can just be and set everyone on a specialty. For example, that you can be in charge of the presence, the optimization, the maximum exposure for your business. On the way that when all of these thousands of customers are looking or searching for the services that you do, the option that they always have find and get it will be you and your business. And then on this way so that this will be as reflected on success, growment, but mostly of course money. And then on this way for sure that you will be success and growing. And of course if you grow, we will be ingrained directly with you because well, that means that you are happy with the service that you and on this way that these customers the only thing that you will be in charge on them date it will be of picking up your phone, making the job, getting the payment from the customers and of course doing the things that I know that you can do the best that is to bring your customers a quality service and to make your customers happy. Right. And then on that list they will be coming back when they need a new job and of course that they can become great.
Speaker A (07:10 - 07:22): Yeah, for sure. Recommendations to friends is also a big way that a lot of time inside of work because people like the job. Then they go up to another person in their family.
Speaker B (07:22 - 07:31): Yeah. And their friends and everything. And you know, as the way that they said that my work will speak by my. And then with the great job, I work for itself.
Speaker A (07:31 - 07:39): They don't pay until after the job is done. So that they're cured on everything if they like it. If they're not satisfied with the work.
Speaker B (07:39 - 08:02): Then we just take it and give the answer. That's great. That's a very great way that you manage it because it's something that you can give as a complete way that they can feel comfortable and they can feel good with the service because that's a good guarantee. If you don't like what you get, you're not paying. And of course, because you are completely confident about your service, you know that the customers love it.
Speaker A (08:02 - 08:03): Of course.
Speaker B (08:03 - 08:16): Yeah. Right, Jake then. Now Jake, tell me so on this business that you have on your own, how would be the way that you would like to show your business on the first place? How do people find it? What's the name that you are looking to get for your business?
Speaker A (08:17 - 08:21): Well, on my website I have Jack, but that's just my second name.
Speaker A (08:22 - 08:28): So I can give you, I would just say maybe Jake's Auto Body Repairs.
Speaker B (08:28 - 09:05): Okay, Repairs. Okay, that's great. And then for the service, let me tell you then the way that we work and this way Jake, is that because we are as you do it, we are a performance based company. So that means that we always show you everything that we are creating, everything that we are doing and building for you and that you can check on real time, what you are getting for and the benefits that this is giving you. So then happy with the service provided, as you said, we can continue working as much time as possible, right? And then of course that if you are happy with the service, you can continue as long term relationship that we're looking for. Right?
Speaker A (09:06 - 09:08): Yeah, that sounds great now.
Speaker B (09:08 - 09:45): And that's the reason that my service is a fast paced service. But on that way, for the service that we do is that you will be paying only for the service rendered to you, but on the month before. So for example, if once you pay your service right now on this way, so you will be paying your first monthly payment until January 10th and then on January you are paying for the service rendered from today to January 10th. Then the next month on February 10th, you are paying for January 30th. On the, on March you are paying for February, an interest for March and that will be the same every single month. Right?
Speaker A (09:45 - 09:46): Okay.
Speaker B (09:46 - 09:47): Because well.
Speaker A (09:49 - 09:58): So how much would it be like, so let's say I start up service now and everything like that. So how much would it be? How much would it be next month?
Speaker B (09:58 - 10:26): Okay. For the service that we have right now also that's the great thing that I was about to mention you because right now we have been outright for your service on your area over There that now we have an excellent promotion that we are giving you for a limited time right now that it will be just that we are giving you more than 50% of discounts on the service for your business. But just to confirm on that way that I have the right information. Can you confirm your zip code please Jake?
Speaker A (10:26 - 10:32): 32713 I believe the branding X real quick.
Speaker B (10:33 - 10:35): Yeah, no worries. If I can confirm that my.
Speaker B (10:39 - 10:42): 703-327-03.
Speaker A (10:42 - 10:43): Yes.
Speaker B (10:43 - 10:52): Yeah, yeah, that's the one that. Okay. And this is on a popcorrect. Yes. Okay, so now on this area, what do we have on the service?
Speaker B (10:54 - 10:57): You said that you have your own shop, right?
Speaker A (10:58 - 11:08): Well, mostly it's just like it's where I live and stuff. I can bring the cars to my garage and I can work on them there depending on the situation.
Speaker A (11:10 - 11:20): If they want me to do that. But most of the time I do everything same day anywhere that they're at, I'm able to at their home, at their work, wherever they have to be.
Speaker B (11:20 - 11:26): Yeah, yeah, I understand. So maybe we can make it like an outer registration service, huh? And as we said.
Speaker A (11:29 - 11:46): It'S all about mobile and also wherever they have to be. But also if they need it to be that way, it's a long job at limited time. I could always take it back to the house and they can even keep their keys and everything like that.
Speaker B (11:46 - 12:07): Okay, okay, okay. So just going on the way and we were looking to make, you know the special promotion that we have available for you. Right on this way. What we have now available that I mentioned is that we are giving you more than 50% of the discount a month. It will be just $304 with 90.
Speaker A (12:07 - 12:09): Okay, that's great.
Speaker B (12:10 - 14:19): Yeah. And also that will be a race rate that it won't change anytime. It doesn't matter how many jobs you do a month or how many times we'll be working together on this way. So the rate won't change at any time. And also my rate is a free trade. That means that it will be the same every moment for you. Then as we said that it will be a postpaid service. So that means that your first monthly payment will be until January 10th. So right now then to make it on this way for you, the next step is just to make the activation because I'm not going to ask you right for the service on your payment directly for the monthly payment until January 10th. Right now the only thing that we are asking from you on this way, Jay, it's just an activation Set of fee but also just to make you know, this is something that we are doing on the easiest way possible for you that as we said that it will be on the lowest rate for your business. And then we are asking you just purchase the 1% of your trust on the way that let me show you how I gained the additional percent from you just based on the facts, the numbers and the benefits and the performance that you've been looking on my way so that on this way that we can make it for you. So we are just asking you for activation one time instead of fee that is only for on this way, $49.99. That's just the only one that we are going to ask you. Nothing more than that. And then that's the only activation service that we are about to ask you on that just to start creating everything for you. And also let me tell you right now on this way for this service that will be growing on that for you so that we can make it for the service. And also my manager right now is coming up to me and it has tell me that just because we want you to help you and to make this on the best benefit for your business, he's authorizing an additional discount on your monthly rate directly, Jake. So that he's giving US instead of 304, we are putting on your business for the rate only for $263. So if she's giving us more than $40 of discount for life, that's your rate. It will stay always only on 263. And then just make it happen for you and to of course make it on the best way possible for you.
Speaker A (14:19 - 14:27): Okay. And now I have, I have a little bit of a. What would you think if we was to do this?
Speaker A (14:29 - 14:46): What do you think if we was to do this? I know this is maybe it's a little bit of a crazy idea. What if we was to do that every job that I did and everything that I can give you guys about let's say 30 to 40% of that job.
Speaker B (14:46 - 16:44): Oh, I know what you're saying. So let me tell you and thank you for thinking, but just let me tell you. So we don't work by commission. We don't work by percentage or by amount. And also just let me tell you the way that you say just to make it happen that you said that you give me like I don't know, 30 or 40%. Let's thought that you do 20 jobs right on a month. Correct. So and maybe the job, it could be like for $400, right. Each job. So you will be doing $4,000. And if you give me 30% of $8,000, so that will be completely so much more than what I gave you for the monthly rate. Right? So maybe that won't help you so much because right now on my monthly rate, I'm giving you just $263.99. But also it's a postpaid service that your monthly payment, it will be until January 10th and then every 10 of every month on a postpaid survey. So that means that you are doing this on a month in delay. And for the other way, if you do a job, you will be needed to give me like also, we don't work like that, but just make the supposition. So you will be needed to give me so much more than that. Because, for example, for a job that is for $400, you will be needed to give me like 120. And then on two jobs you are giving me more than the monthly rate that I'm giving you. Right. And just on two jobs, and imagine if you do 10 jobs, you will be giving me like $1,000. So that will not help you. Right. And if we do it like on this way and you do 10, 20, 30 or 40 jobs, I'm not going to ask you nothing from that because the only thing that I'm going to ask you is just for a monthly payment that is a free grade. And also as we said, it's based on performance and on the service that you will be doing. And as you said, if you're happy with the service, of course we can continue working as much time as possible. Right. And we can give you the extent and we can guarantee you the maximum exposure for your business on the way that imagine if there are thousands of customers looking for this service and you can be there for all of them, what do you think that will happen?
Speaker A (16:44 - 16:48): Yeah, I think that's great. I think that it sounds right now.
Speaker B (16:48 - 16:58): Just to make it happen, it's less than $50. That will be something very great. You will see everything based on the performance and the benefit that you are looking.
Speaker A (16:58 - 17:16): Yes. And the only, the only thing is I would like to call you right back. I like to talk to a few people and just make sure. Because right now I don't have as much on me at the moment to do the thing to do everything to activate it.
Speaker B (17:18 - 17:20): You don't have available 49?
Speaker A (17:20 - 17:29): Not at the moment. Because right now, I'm also right now a little bit due on rent and stuff. I'm putting in money with my family.
Speaker B (17:30 - 17:45): So Brent, you can think that you can be able to get the 49. Because if you want, the thing that we can do right now is to make a postpaid service. That means that just to secure the spot and to save the unlock the rate that I gave you, we will just make.
Speaker B (17:47 - 18:28): Postpaid service that it will be just for $1. So I think that you can have $1 and then he will secure the spot and save it for you. And then if you tell me for an example, no, tomorrow at three, you will have it ready. So the payment will be done tomorrow at the time that you tell me. But right now we are securing the spot for you just with $1. And then we can make it happen. I will give you the information, we verify everything. And then tomorrow you said that you have the money available, the payment will be done for tomorrow. Just an example, right. And then so the service will be activated for you just with the $49.99. But right now, just to secure it and keep it for you, we can make it just with $1. So do you think that you can be able to make it with $1?
Speaker A (18:28 - 18:40): Yeah, I think I can send it on now. The only thing is my only form of really money right now inside of I can only really use cash app right now.
Speaker B (18:41 - 18:55): No, we have only used with debit or credit cards. That's the only way that we also you don't need to grab basically the code. You can maybe your app or you can add your card number. We can do it on there, but it will be just with debit or credit and just with one.
Speaker A (18:56 - 19:02): Yeah. Well, is there any way that I can get back to you guys in a little bit and I will let you guys know.
Speaker B (19:02 - 19:18): So tell me just that we can be with completely commitment of both ways. Tell me ask what time it will be good for you and then I will give you a call but in an honest way so that you can send me your know, if you call me on that time, I will be available and I will seek.
Speaker A (19:19 - 19:31): Okay, well, I'm gonna stay maybe around. So what time is it for you? What's. What's the free time that you have? Like maybe. Maybe tomorrow and.
Speaker A (19:32 - 19:34): Maybe in the tomorrow morning.
Speaker B (19:35 - 20:19): Yeah, if you tell me tomorrow morning but in a completely honest way because just I will let you know. Normally we don't work Saturdays, but if you tell me that you are able to do it tomorrow, I will pay so that they can let me go to the office to make it for you and I will be available for you to. Because this spot, we only have it available for this week and if we let it pass from this week, so it won't be available. But if you send me that tomorrow, it will be completely honestly available for you. I will ask for permission to go to the office tomorrow to make it for you. So tell me that way completely honestly how we can do it and the time that it will be good for you and I will be making it to help you on that way for tomorrow. If you tell me we're completely honestly.
Speaker A (20:21 - 20:25): Maybe around tomorrow, around three, would that be okay?
Speaker B (20:25 - 20:30): So three in the morning. But then you said in the afternoon at three.
Speaker A (20:30 - 20:31): Yeah, in the afternoon.
Speaker B (20:31 - 20:32): I think.
Speaker B (20:33 - 20:50): Tomorrow at three. Yeah, I can do it for you. So. But I can have your commitment so that if I can call you, you can answer me for me and then I can ask for permission to be on the office and we can make it tomorrow. But tomorrow you will be doing the activation or just the one drop will.
Speaker A (20:50 - 20:59): Be the $49.99 if I. Yeah, I just need to make the decision my family and make sure that everything is good, whatever it is. So.
Speaker B (21:00 - 21:23): Okay. Also right now I am sending you a text message this way, Jake, with all my company information with my website so that you can check it on your own. And then tomorrow when we speak again, you have also that from you. I give you the information but I want you to have it on your own way and that you can check it by yourself so that we can be on the best way possible and that you are as much informed. Right.
Speaker A (21:23 - 21:24): Okay, that sounds great.
Speaker B (21:26 - 21:42): So just I'm sending you this text message just to know that you get it. Can you please, I don't know, confirm me the text message, I don't know, with an okay or some like saying hi or something right now when you receive it so that I know that you get it and then you can check it anytime you want it and then tomorrow we can speak again.
Speaker A (21:43 - 21:43): Yeah.
Speaker B (21:44 - 21:50): Okay, now I send it to you. Tell me please if you get it. So I don't know, answer me with just anything you want so that I can know that you receive it.
Speaker A (21:51 - 21:56): Okay, I'm going to say, hey, this is Jake.
Speaker B (21:57 - 22:00): Okay. Okay. Okay. Yeah, just to confirm that you gave it. Right?
Speaker A (22:01 - 22:03): Okay, I just sent it.
Speaker B (22:03 - 22:13): Oh, okay. Okay. Okay. Yeah, yeah, it's coming up to me. If you're now on this way, Jake, then we will schedule it for tomorrow. Can you please give me an email address just Schedule the callback for tomorrow.
Speaker A (22:13 - 22:14): Oh, what happened?
Speaker B (22:15 - 22:16): You can give me an email address?
Speaker A (22:16 - 22:19): Yes, my email address is Jakemason.
Speaker B (22:24 - 22:36): You are not going to receive nothing, not police, nothing like that. This is just because the system requires me an email address to set up an appointment for the customers for a callback. Right? Okay, but I'm not going to send you nothing, don't worry.
Speaker A (22:36 - 22:38): So I can call you back that I'm on right now.
Speaker B (22:38 - 22:41): Can you tell me tomorrow I can.
Speaker A (22:41 - 22:45): Call you back on this number right here or do I call you on the number that you sent?
Speaker B (22:46 - 23:34): The number that you received? The text message is just for text messages because that's the system that I use on my computer send a text message. The number that you can call me is the one that it shows in the body of the message that says my name. Then a phone number and an extension. But because as I mentioned you tomorrow also I'm going to be the only one on the office. So if you call there, there's no one that can connect made a call with you. But if you try, I don't know, just if you want to confirm that on that number you can reach me out. I don't know when he hangs up, you can just call this number and ask for me and they will tell you about me. But to be honest, tomorrow there's not going to be no one that can connect the call for me because I'm going to be the only one at the office. But as you told me that we will be speaking tomorrow on that time. So I will be just calling you on the time that you say.
Speaker A (23:34 - 23:47): Okay so but just to confirm your number, Your number is ****-****-****-9132.
Speaker B (23:48 - 23:50): The extension is just 8017.
Speaker A (23:51 - 23:52): Okay.
Speaker B (23:55 - 24:01): Yeah, the number is 866-889-0966 and then extension 801.
Speaker A (24:01 - 24:03): Okay, thank you.
Speaker B (24:03 - 24:10): No, no, no thanks to you Jake. And then we will be in touch then tomorrow at 3 so that we can make it capable for you. Okay?
Speaker A (24:10 - 24:11): Okay, for sure.
Speaker B (24:12 - 24:20): Okay Jake, then. Well thank you for your time and I hope that you enjoy the rest of the day and then we will be speaking again soon and I will.
Speaker A (24:21 - 24:22): Thank you so much.
Speaker B (24:23 - 24:25): Thank you. And let's see you tomorrow my next evening.
Speaker A (24:28 - 24:29): You have been kicked.
",,,ISMAELMALENCOCORDOVA,JAKE ,,"Orlando, FL, , ",Auto Body Shops,2,1,1,16264016,10,JAKE ,Auto Body Shops,"Orlando, FL, , ",Eastern,unknown,December,Consultative & Validating,Male,Yes,unknown,No,No,Yes,Happy/Optimistic,English,Yes,available,Customer,NOVICE,5,,TRUE,,50,50,Mutual Dialogue,4,2,2,0,Moderate Depth,Yes,8,5,8:05,Resistant,Confident & Assumptive,Agent,28,Yes,No,No,No,Agent stated the purpose of the call but did not outline the process or set time expectations.,5,1,5,20,0,3,0,3,Yes,8,129,5,20,15,10,5,1,0.04,Rare,Agent-Heavy,Somewhat Structured,IV. Highlight Competitor Success Using FOMO,None,Yes,Yes,6,4,Warm,Yes,Yes,Fluctuated,Neutral,Neutral,Fluctuated,Neutral,"Customer expressed frustration with current marketing (03:11), proposed commission-based payment (14:29), stated budget constraints (16:58, 17:20), mentioned payment method issue (18:28), and need to consult family (20:50).",5 frustrations,0,0,1469,Closing/Payment Gathering,Customer,739,Follow-up Call Scheduled,Explicit,Yes,No,No,Yes,Follow-up Scheduled,Need to consult others; Budget constraints,TRUE,,TRUE
