{
  "rf_roc_auc": 0.8444444444444444,
  "gb_roc_auc": 0.9194444444444444,
  "n_value_features": 100,
  "n_train": 116,
  "n_test": 39
}