Variable,Type,TOP_Mean,TOP_Std,WORST_Mean,WORST_Std,Mean_Diff,Mann_Whitney_PValue,Significant,Cohens_D,Abs_Cohens_D,Effect_Size
time_to_reason_seconds,Numerical,37.225,61.733394733454084,16.861538461538462,8.223208245335504,20.36346153846154,0.0056934756359798035,Yes,0.44064286232479516,0.44064286232479516,Small
TO_length_in_sec,Numerical,195.7625,110.35056265019762,201.0151515151515,103.70319962784954,-5.252651515151513,0.5566184034236834,No,-0.048906927650459446,0.048906927650459446,Negligible
customer_talk_percentage,Numerical,38.686375,15.165281906401638,39.04507692307692,15.264647307287037,-0.3587019230769215,0.5912066410963133,No,-0.023583553742640297,0.023583553742640297,Negligible
